1,0,0
0,1,0
1,1,1112.2831
2,1,2827.2654
1,2,2572.68044
0,3,-2267
3,1,1720.4491
2,2,7073.9156
1,3,1153.7603
4,1,1336.3592
3,2,5512.1325
2,3,5266.1325
1,4,18
5,1,961.6395
4,2,4878.5199
3,3,5332.3312
2,4,4487.2478
1,5,-467
6,1,940
5,2,4123.0578
4,3,5606.4401
3,4,5371.5487
2,5,3558.7055
6,2,3924.521
5,3,5159.7124
4,4,7062.4356
3,5,4717.1551
2,6,3101.5242
7,2,3349.038
6,3,5037.7685
5,4,6462.6693
4,5,6257.0713
3,6,4337.4233
8,2,2995.134
7,3,4531.3512
6,4,6497.6306
5,5,6475.0835
4,6,6032.0426
3,7,3643.6724
8,3,4155.3817
7,4,5952.5402
6,5,6927.7323
5,6,6676.4563
4,7,5358.4023
3,8,3162.4372
9,3,3791.5999
8,4,5720.7223
7,5,6631.2237
6,6,7680.1446
5,7,6170.11
4,8,4881.9755
10,3,3507.6307
9,4,5241.4359
8,5,6496.4194
7,6,7469.8495
6,7,7238.8634
5,8,5811.7636
4,9,4297
10,4,4993.8973
9,5,6101.6451
8,6,7520.3198
7,7,7475.6148
6,8,7052.2783
5,9,5285.2091
11,4,4540.9708
10,5,5880.0438
9,6,7100.1696
8,7,7699.4603
7,8,7463.6915
6,9,6497.4597
5,10,4868.7285
12,4,4285.2851
11,5,5507.3535
10,6,6922.0546
9,7,7373.7971
8,8,7976.2072
7,9,6964.049
6,10,6083.1777
12,5,5269.6677
11,6,6558.0262
10,7,7286.2294
9,8,7750.7291
8,9,7542.3284
7,10,6640.4991
6,11,5522.7653
13,5,4976.6306
12,6,6426.1321
11,7,7038.5627
10,8,7767.0981
9,9,7631.6383
8,10,7341.2577
7,11,6202.2176
14,5,4719.6346
13,6,6118.274
12,7,6948.5452
11,8,7566.4952
10,9,7779.0192
9,10,7567.3431
8,11,6937.8864
7,12,5901.4992
15,5,4405.6529
14,6,5961.4356
13,7,6709.1717
12,8,7568.5707
11,9,7720.1351
10,10,8032.2412
9,11,7298.5028
8,12,6728.0252
16,5,4152.5265
15,6,5674
14,7,6609.0159
13,8,7389.3747
12,9,7738.2934
11,10,7971.7136
10,11,7765.5581
9,12,7105.0317
8,13,6297
16,6,5421.0778
15,7,6378.5347
14,8,7364.8722
13,9,7624.2954
12,10,8080.4656
11,11,7915.6624
10,12,7662.7645
9,13,6782
8,14,6044
17,6,5077
16,7,6236.6721
15,8,7163.4856
14,9,7622.3447
13,10,7955.2561
12,11,8111.4936
11,12,7901.1229
10,13,7335.7275
9,14,6554
17,7,5887
16,8,7039.6855
15,9,7463.5831
14,10,7993.3252
13,11,8063.4882
12,12,8260.7103
11,13,7649.5806
10,14,7167.2329
9,15,6165
18,7,5613
17,8,6727.8058
16,9,7336.3065
15,10,7839.7994
14,11,8101.3979
13,12,8223.5028
12,13,8021.1366
11,14,7480.1109
10,15,6794
18,8,6497.479
17,9,7082.2497
16,10,7751.911
15,11,8004.2013
14,12,8333.8711
13,13,8149.7653
12,14,7924.7083
11,15,7198
10,16,6525
19,8,6185
18,9,6879.6662
17,10,7520.4151
16,11,7956.9467
15,12,8263.8525
14,13,8331.5533
13,14,8124.342
12,15,7661.0894
11,16,6960
20,8,5988
19,9,6626.8567
18,10,7388.3463
17,11,7799.2644
16,12,8272.4531
15,13,8309.8969
14,14,8447.7445
13,15,7907.4842
12,16,7478.7911
11,17,6587
20,9,6444.0314
19,10,7167.0673
18,11,7682.1522
17,12,8113.5317
16,13,8348.4647
15,14,8448.6361
14,15,8251.2368
13,16,7746.3826
12,17,7129
11,18,6276
21,9,6205
20,10,7034.5317
19,11,7501.9685
18,12,8054.425
17,13,8261.1049
16,14,8520.6549
15,15,8353.5064
14,16,8122.7081
13,17,7472.1698
12,18,6866
22,9,6011
21,10,6813.0902
20,11,7398.6778
19,12,7869.1886
18,13,8225.518
17,14,8458.2916
16,15,8481.1677
15,16,8281.8013
14,17,7869.2101
13,18,7252
12,19,6487
22,10,6671
21,11,7219.8815
20,12,7803.8411
19,13,8100.3449
18,14,8481.469
17,15,8464.1203
16,16,8493.1301
15,17,8072.4058
14,18,7700.0089
13,19,6920
23,10,6436
22,11,7089.9262
21,12,7636.4382
20,13,8020.6172
19,14,8361.0596
18,15,8513.8073
17,16,8497.6304
16,17,8304.7557
15,18,7928.9559
14,19,7392
13,20,6657
24,10,6287
23,11,6886.4377
22,12,7550.3919
21,13,7860.3506
20,14,8337.1659
19,15,8448.1856
18,16,8583.4986
17,17,8398.9706
16,18,8197.6724
15,19,7670
14,20,7173
24,11,6745
23,12,7356.2338
22,13,7787.1243
21,14,8169.5644
20,15,8446.2496
19,16,8537.8511
18,17,8520.279
17,18,8327.4621
16,19,7965.8409
15,20,7476
14,21,6828
25,11,6557
24,12,7244.4202
23,13,7623.5154
22,14,8112.5199
21,15,8307.8692
20,16,8575.39
19,17,8521.9322
18,18,8519.9096
17,19,8142.2233
16,20,7815.8799
15,21,7166
26,11,6403
25,12,7055.1115
24,13,7531.316
23,14,7952.9033
22,15,8267.5561
21,16,8459.9363
20,17,8570.2816
19,18,8527.1406
18,19,8339.848
17,20,8003.4567
16,21,7525
15,22,6926
27,11,6216
26,12,6928
25,13,7370
24,14,7892.8297
23,15,8147.2749
22,16,8448.7829
21,17,8505.4817
20,18,8614.2807
19,19,8438.0593
18,20,8240.0434
17,21,7751
16,22,7319
28,11,6056
27,12,6734
26,13,7260
25,14,7730.9793
24,15,8097.9701
23,16,8344.2698
22,17,8494.4032
21,18,8562.5988
20,19,8557.0258
19,20,8369.6711
18,21,8013.4575
17,22,7566
16,23,7031
28,12,6598
27,13,7097
26,14,7655.8247
25,15,7981.4177
24,16,8329.3255
23,17,8427.766
22,18,8595.2594
21,19,8538.0907
20,20,8551.3046
19,21,8173.6697
18,22,7865.8632
17,23,7310
29,12,6425
28,13,6980
27,14,7482
26,15,7906.5513
25,16,8229.6358
24,17,8412.9593
23,18,8534.3733
22,19,8576.0731
21,20,8546.7075
20,21,8369.1979
19,22,8034.3889
18,23,7625
17,24,7116
29,13,6829
28,14,7410
27,15,7765.9122
26,16,8193.2275
25,17,8345.8864
24,18,8555.6141
23,19,8551.2571
22,20,8616.5646
21,21,8444.9303
20,22,8259.24
19,23,7824
18,24,7456
30,13,6712
29,14,7251
28,15,7681
27,16,8063.8276
26,17,8323.8672
25,18,8488.2382
24,19,8576.2204
23,20,8600.6653
22,21,8530.8265
21,22,8352.8054
20,23,8069.5129
19,24,7680
18,25,7213
30,14,7156
29,15,7552
28,16,7996.0154
27,17,8234.4788
26,18,8493.8411
25,19,8546.7023
24,20,8658.1769
23,21,8557.3805
22,22,8533.5215
21,23,8203.4567
20,24,7949.6265
19,25,7457
31,14,7004
30,15,7456
29,16,7867
28,17,8181.5991
27,18,8419.9526
26,19,8554.6747
25,20,8630.5467
24,21,8618.941
23,22,8555.7321
22,23,8380.0394
21,24,8087.7286
20,25,7747
19,26,7299
31,15,7320
30,16,7785
29,17,8080.7757
28,18,8412.3835
27,19,8518.0428
26,20,8668.9848
25,21,8622.0215
24,22,8656.4623
23,23,8486.1423
22,24,8303.8233
21,25,7916.0805
20,26,7603
32,15,7209
31,16,7652
30,17,7992
29,18,8311.425
28,19,8514.8795
27,20,8639.3548
26,21,8665.0958
25,22,8661.2325
24,23,8582.2348
23,24,8407.2067
22,25,8135.3117
21,26,7790
20,27,7396
32,16,7552
31,17,7883
30,18,8243.6656
29,19,8434.2324
28,20,8666.6916
27,21,8656.2097
26,22,8723.0122
25,23,8623.0686
24,24,8572.2553
23,25,8274.1924
22,26,8022.7254
21,27,7595
20,28,7236
33,16,7400
32,17,7785
31,18,8132
30,19,8372.2753
29,20,8594.85
28,21,8686.2805
27,22,8711.1625
26,23,8682.9135
25,24,8613.2777
24,25,8439.915
23,26,8161.3121
22,27,7840
21,28,7450
33,17,7651
32,18,8054
31,19,8288.5833
30,20,8550.1639
29,21,8633.4747
28,22,8755.7227
27,23,8695.9032
26,24,8701.0188
25,25,8532.6823
24,26,8354.0268
23,27,8000.6387
22,28,7702
34,17,7530
33,18,7922
32,19,8221.335
31,20,8476.9135
30,21,8597.2213
29,22,8708.9912
28,23,8742.0852
27,24,8711.9923
26,25,8633.7602
25,26,8460.4977
24,27,8193.2549
23,28,7870
35,17,7386
34,18,7827
33,19,8115.0303
32,20,8429.3821
31,21,8534.6695
30,22,8691.8193
29,23,8714.569
28,24,8775.9946
27,25,8670.4087
26,26,8609.6079
25,27,8325.5606
24,28,8083.8977
23,29,7671
35,18,7677
34,19,8022.8488
33,20,8330.5778
32,21,8492.8325
31,22,8631.1256
30,23,8710.1425
29,24,8760.2103
28,25,8734.1798
27,26,8648.7985
26,27,8477.6578
25,28,8217.0749
24,29,7891
36,18,7578
35,19,7891
34,20,8247.4967
33,21,8404.8115
32,22,8599.6917
31,23,8662.1382
30,24,8777.9672
29,25,8737.9768
28,26,8736.3846
27,27,8569.2199
26,28,8393.0328
25,29,8045
24,30,7742
36,19,7792
35,20,8125.926
34,21,8333.3694
33,22,8518.9696
32,23,8637.3391
31,24,8731.9362
30,25,8765.0247
29,26,8746.5981
28,27,8669.6204
27,28,8497.3225
26,29,8233.997
25,30,7904
37,19,7663
36,20,8033.1654
35,21,8233.5781
34,22,8467.9495
33,23,8574.7006
32,24,8723.2609
31,25,8738.3358
30,26,8790.3563
29,27,8694.8386
28,28,8642.7811
27,29,8355.9907
26,30,8106
25,31,7707
38,19,7563
37,20,7912
36,21,8158.1666
35,22,8372.9008
34,23,8535.1967
33,24,8663.3998
32,25,8736.7146
31,26,8770.2829
30,27,8741.8845
29,28,8670.9364
28,29,8503.2646
27,30,8231
26,31,7916
39,19,7437
38,20,7828
37,21,8054.9436
36,22,8307.629
35,23,8458.156
34,24,8643.9987
33,25,8696.6438
32,26,8792.2534
31,27,8738.9719
30,28,8732.0621
29,29,8570.9696
28,30,8395.9467
27,31,8059
26,32,7770
40,19,7332
39,20,7708
38,21,7976.4073
37,22,8218
36,23,8403.8034
35,24,8568.5995
34,25,8680.9224
33,26,8754.7746
32,27,8768.0379
31,28,8736.5912
30,29,8642.0027
29,30,8473.7802
28,31,8232
27,32,7924
40,20,7627
39,21,7873
38,22,8152.7858
37,23,8322.8751
36,24,8540.1876
35,25,8628.1392
34,26,8755.8539
33,27,8746.7692
32,28,8780.7769
31,29,8665.6047
30,30,8583.0524
29,31,8327
28,32,8113
27,33,7735
41,20,7503
40,21,7794
39,22,8058
38,23,8271.0417
37,24,8460.1734
36,25,8598.9157
35,26,8703.7686
34,27,8756.151
33,28,8765.0281
32,29,8715.5148
31,30,8610.3098
30,31,8446.4313
29,32,8215
28,33,7930
41,21,7688
40,22,7990
39,23,8187.7565
38,24,8427.3871
37,25,8538.5002
36,26,8692.8831
35,27,8721.3347
34,28,8794.5555
33,29,8718.0839
32,30,8679.3451
31,31,8518.6449
30,32,8347
29,33,8049
42,21,7603
41,22,7891
40,23,8130.7809
39,24,8347.5398
38,25,8505.102
37,26,8631.5499
36,27,8717.7972
35,28,8763.4955
34,29,8752.1404
33,30,8686.2866
32,31,8583.9267
31,32,8418.7167
30,33,8193
29,34,7917
42,22,7826
41,23,8045
40,24,8303.5626
39,25,8437.4175
38,26,8612.3888
37,27,8675.5223
36,28,8777.4637
35,29,8739.0736
34,30,8735.9057
33,31,8611.6317
32,32,8528.8243
31,33,8286
30,34,8075
43,22,7726
42,23,7981
41,24,8218
40,25,8400.6822
39,26,8546.347
38,27,8656.8848
37,28,8736.2424
36,29,8757.0967
35,30,8724.266
34,31,8662.1601
33,32,8555.0584
32,33,8396.2351
31,34,8170
30,35,7904
43,23,7894
42,24,8168
41,25,8331.7986
40,26,8521.7245
39,27,8605.9419
38,28,8739.5086
37,29,8731.473
36,30,8759.6335
35,31,8669.3631
34,32,8625.4383
33,33,8468.4034
32,34,8300
31,35,8014
44,23,7829
43,24,8079
42,25,8281
41,26,8449.9359
40,27,8581.7422
39,28,8695.7505
38,29,8737.4597
37,30,8734.1534
36,31,8707.533
35,32,8633.0884
34,33,8530.5685
33,34,8369.5344
32,35,8148
31,36,7883
44,24,8026
43,25,8209
42,26,8418
41,27,8520.1301
40,28,8682.4667
39,29,8701.8913
38,30,8755.682
37,31,8701.2195
36,32,8688.1371
35,33,8557.7457
34,34,8477.0482
33,35,8239
32,36,8034
45,24,7939
44,25,8155
43,26,8345
42,27,8495.4062
41,28,8623.0998
40,29,8695.2044
39,30,8722.7311
38,31,8724.5798
37,32,8680.964
36,33,8611.8214
35,34,8503.7082
34,35,8344.9026
33,36,8129
46,24,7884
45,25,8084
44,26,8308
43,27,8434.198
42,28,8604.2917
41,29,8646.8655
40,30,8729.8086
39,31,8709.2808
38,32,8721.7028
37,33,8621.5541
36,34,8576.0338
35,35,8414.7964
34,36,8256
46,25,8030
45,26,8235
44,27,8398.7344
43,28,8543.1564
42,29,8635.0233
41,30,8689.0417
40,31,8717.605
39,32,8703.3118
38,33,8663.935
37,34,8586.0606
36,35,8481.4629
35,36,8327.131
34,37,8118
47,25,7955
46,26,8195
45,27,8338
44,28,8520.2118
43,29,8586.5256
42,30,8691.8053
41,31,8687.0893
40,32,8731.7459
39,33,8660.3786
38,34,8644.4902
37,35,8511.3126
36,36,8429.3193
35,37,8202
48,25,7895
47,26,8121
46,27,8302
45,28,8457.6529
44,29,8568.5699
43,30,8648.3455
42,31,8693.874
41,32,8705.05
40,33,8689.6099
39,34,8641.5591
38,35,8568.0803
37,36,8460.1847
36,37,8305.0821
35,38,8102
48,26,8076
47,27,8239
46,28,8433
45,29,8521.5633
44,30,8642.7547
43,31,8663.1676
42,32,8725.2011
41,33,8680.002
40,34,8687.7155
39,35,8583.5615
38,36,8533.039
37,37,8381.7123
36,38,8221
49,26,7996
48,27,8197
47,28,8369
46,29,8495.0801
45,30,8592.4981
44,31,8660.7565
43,32,8695.6096
42,33,8700.8748
41,34,8678.9139
40,35,8627.6497
39,36,8553.4399
38,37,8448.2762
37,38,8296.5116
36,39,8089
50,26,7943
49,27,8131
48,28,8338
47,29,8443.6018
46,30,8582.2735
45,31,8624.5272
44,32,8705.2364
43,33,8682.8172
42,34,8711.4781
41,35,8635.883
40,36,8608.8077
39,37,8486.2161
38,38,8393.9294
37,39,8173
50,27,8082
49,28,8272
48,29,8411.2501
47,30,8530.0037
46,31,8613.3907
45,32,8671.0293
44,33,8695.9789
43,34,8694.6908
42,35,8666.8073
41,36,8616.837
40,37,8537.3396
39,38,8435.9188
38,39,8278
37,40,8075
51,27,7997
50,28,8238
49,29,8354.6695
48,30,8507.38
47,31,8577.1043
46,32,8671.6636
45,33,8673.876
44,34,8717.8072
43,35,8661.9594
42,36,8661.2385
41,37,8558.3512
40,38,8500.0971
39,39,8349
38,40,8194
51,28,8150
50,29,8320.938
49,30,8450.5825
48,31,8556.0725
47,32,8634.5089
46,33,8676.6172
45,34,8695.5923
44,35,8687.5956
43,36,8657.113
42,37,8601.1401
41,38,8523.8558
40,39,8416.7788
39,40,8267
38,41,8066
52,28,8088
51,29,8246
50,30,8423.5457
49,31,8508.4545
48,32,8627.5707
47,33,8651.2824
46,34,8710.8142
45,35,8677.6541
44,36,8692.9301
43,37,8611.676
42,38,8578.5966
41,39,8454.2759
40,40,8365
39,41,8151
53,28,8000
52,29,8185
51,30,8351.9262
50,31,8483.3576
49,32,8580.6587
48,33,8648.0571
47,34,8685.9998
46,35,8695.9465
45,36,8682.8206
44,37,8645.5139
43,38,8587.3545
42,39,8505.9031
41,40,8395.1519
40,41,8248
39,42,8054
54,28,7935
53,29,8108
52,30,8301.1175
51,31,8421.0494
50,32,8563.7567
49,33,8611.4153
48,34,8693.1973
47,35,8682.4953
46,36,8710.6754
45,37,8647.4275
44,38,8635.719
43,39,8529.2762
42,40,8465.4666
41,41,8312
40,42,8163
54,29,8044
53,30,8226
52,31,8372.5756
51,32,8504.3462
50,33,8599.654
49,34,8658.556
48,35,8693.3852
47,36,8695.7295
46,37,8675.2193
45,38,8638.4076
44,39,8573.6571
43,40,8488.3997
42,41,8378.9889
41,42,8234
40,43,8043
55,29,7965
54,30,8171
53,31,8307.525
52,32,8465.5244
51,33,8547.9385
50,34,8658.7935
49,35,8671.3294
48,36,8717.4473
47,37,8676.2244
46,38,8677.5132
45,39,8587.7812
44,40,8549.0301
43,41,8417.9563
42,42,8325
41,43,8120
55,30,8090
54,31,8253.5687
53,32,8401.7689
52,33,8510.9851
51,34,8610.3045
50,35,8673.5926
49,36,8698.5633
48,37,8697.4416
47,38,8675.7193
46,39,8628.1486
45,40,8564.0394
44,41,8473.7117
43,42,8361.332
42,43,8215
41,44,8027
56,30,8032
55,31,8182
54,32,8354.63
53,33,8456.7215
52,34,8581.8224
51,35,8632.3659
50,36,8712.0295
49,37,8696.9014
48,38,8708.4566
47,39,8638.4293
46,40,8614.0523
45,41,8502.2231
44,42,8434.7175
43,43,8280
42,44,8133
56,31,8124
55,32,8285
54,33,8413.8521
53,34,8529.092
52,35,8605.9105
51,36,8675.284
50,37,8710.9843
49,38,8705.2363
48,39,8674.8451
47,40,8623.6545
46,41,8551.7579
45,42,8462.4243
44,43,8347.7449
43,44,8201
57,31,8050
56,32,8236
55,33,8351
54,34,8495.0045
53,35,8563.7479
52,36,8656.8499
51,37,8681.1154
50,38,8732.5958
49,39,8682.5396
48,40,8666.0339
47,41,8572.4013
46,42,8523.9087
45,43,8389.8338
44,44,8298
43,45,8090
57,32,8161
56,33,8304
55,34,8435.2799
54,35,8530.7802
53,36,8614.8158
52,37,8664.1895
51,38,8705.923
50,39,8714.011
49,40,8673.3865
48,41,8616.8184
47,42,8544.9851
46,43,8450.5758
45,44,8340.376
44,45,8189
58,32,8109
57,33,8240
56,34,8395.7672
55,35,8478.1865
54,36,8591.2599
53,37,8631.5262
52,38,8696.0043
51,39,8693.3778
50,40,8709.9699
49,41,8633.377
48,42,8597.0285
47,43,8483.36
46,44,8409.7684
45,45,8254
44,46,8113
58,33,8189
57,34,8334.8382
56,35,8441.9242
55,36,8541.7519
54,37,8607.5621
53,38,8663.8759
52,39,8684.9421
51,40,8693.3149
50,41,8670.8983
49,42,8613.6286
48,43,8536.6558
47,44,8442.9287
46,45,8328
45,46,8183
59,33,8121
58,34,8290
57,35,8384.9123
56,36,8512.675
55,37,8569.4225
54,38,8648.907
53,39,8661.5894
52,40,8692.6783
51,41,8662.3731
50,42,8657.7312
49,43,8563.544
48,44,8504.774
47,45,8373.4211
46,46,8275.5695
45,47,8080
59,34,8225
58,35,8345.5986
57,36,8458.1085
56,37,8540.9209
55,38,8612.7875
54,39,8648.9054
53,40,8671.6207
52,41,8664.1849
51,42,8651.4095
50,43,8608.5782
49,44,8531.4627
48,45,8434.8255
47,46,8318.5637
46,47,8175
60,34,8180
59,35,8287
58,36,8424.3318
57,37,8492.7644
56,38,8593.8344
55,39,8622.8068
54,40,8666.8016
53,41,8648.9014
52,42,8662.3341
51,43,8608.7373
50,44,8583.662
49,45,8472.4033
48,46,8391.6832
47,47,8238
46,48,8102
61,34,8112
60,35,8245
59,36,8365.9963
58,37,8460.1967
57,38,8549.0875
56,39,8604.9644
55,40,8643.5924
54,41,8647.2133
53,42,8648.7212
52,43,8622.6911
51,44,8587.4706
50,45,8525.3707
49,46,8428.9807
48,47,8315
47,48,8171
61,35,8184
60,36,8330.8721
59,37,8408.8963
58,38,8521.2041
57,39,8569.4269
56,40,8635.3283
55,41,8628.8868
54,42,8653.988
53,43,8614.8673
52,44,8609.413
51,45,8534.6735
50,46,8490.0207
49,47,8360.2903
48,48,8259
47,49,8069
62,35,8140
61,36,8269.8645
60,37,8376.1872
59,38,8471.8489
58,39,8541.4616
57,40,8603.7182
56,41,8623.1384
55,42,8635.0926
54,43,8623.7254
53,44,8604.2799
52,45,8559.8949
51,46,8502.4303
50,47,8423.2121
49,48,8310.3013
48,49,8165
63,35,8078
62,36,8234
61,37,8330.7294
60,38,8445.7385
59,39,8497.6162
58,40,8581.3984
57,41,8596.3016
56,42,8635.1691
55,43,8610.0047
54,44,8620.314
53,45,8560.8038
52,46,8533.8999
51,47,8441.6866
50,48,8378.2953
49,49,8230
63,36,8175
62,37,8295.301
61,38,8402.5235
60,39,8476.6938
59,40,8539.225
58,41,8578.9859
57,42,8607.7982
56,43,8613.6105
55,44,8608.7132
54,45,8580.1959
53,46,8537.9332
52,47,8474.7744
51,48,8398.3734
50,49,8304
49,50,8161
64,36,8134
63,37,8244.5085
62,38,8372.2012
61,39,8439.4151
60,40,8522.1066
59,41,8548.4683
58,42,8604.6626
57,43,8595.1184
56,44,8619.3593
55,45,8575.1732
54,46,8563.5652
53,47,8484.9947
52,48,8437.7375
51,49,8329.7495
50,50,8251.626
65,36,8075
64,37,8206.1753
63,38,8324.7411
62,39,8413.3305
61,40,8485.8439
60,41,8534.8355
59,42,8572.9159
58,43,8593.1366
57,44,8601.366
56,45,8588.2172
55,46,8560.8644
54,47,8512.5465
53,48,8450.3657
52,49,8370.426
51,50,8281.103
65,37,8152.7443
64,38,8291.2213
63,39,8371.9172
62,40,8466.294
61,41,8504.8675
60,42,8568.3994
59,43,8570.6514
58,44,8607.4275
57,45,8576.9818
56,46,8580.2887
55,47,8517.165
54,48,8484.1322
53,49,8388.5719
52,50,8324.4313
51,51,8181
66,37,8112
65,38,8242
64,39,8342.6336
63,40,8425.8337
62,41,8488.332
61,42,8538.2672
60,43,8566.1045
59,44,8584.3656
58,45,8584.1927
57,46,8571.0173
56,47,8537.652
55,48,8489.7547
54,49,8423.7199
53,50,8343
52,51,8234
67,37,8057
66,38,8206
65,39,8298
64,40,8402.3159
63,41,8453.3832
62,42,8527.9063
61,43,8541.107
60,44,8587.3998
59,45,8568.9501
58,46,8584.8485
57,47,8536.185
56,48,8517.6232
55,49,8435.238
54,50,8383.9114
53,51,8258
52,52,8157.3256
67,38,8152
66,39,8262
65,40,8358.598
64,41,8431.6925
63,42,8494.863
62,43,8534.6074
61,44,8561.9016
60,45,8572.7053
59,46,8570.6509
58,47,8550.3708
57,48,8516.8532
56,49,8464.7045
55,50,8397.229
54,51,8300.9923
53,52,8186.8368
68,38,8114
67,39,8215
66,40,8330
65,41,8393.2657
64,42,8479.5202
63,43,8506.557
62,44,8560.9406
61,45,8553.9317
60,46,8579.9934
59,47,8544.6397
58,48,8539.0492
57,49,8470.1213
56,50,8432.0383
55,51,8322.0124
54,52,8236.7682
53,53,8089
69,38,8057
68,39,8178
67,40,8284
66,41,8367.0898
65,42,8442.219
64,43,8492.8979
63,44,8533.3676
62,45,8554.104
61,46,8560.8946
60,47,8553.9012
59,48,8533.3524
58,49,8494.0439
57,50,8439.4946
56,51,8358.7344
55,52,8258
54,53,8146
69,39,8129
68,40,8253
67,41,8325.6604
66,42,8422.1581
65,43,8462.8172
64,44,8527.2267
63,45,8532.6657
62,46,8567.0241
61,47,8542.0262
60,48,8550.0196
59,49,8495.2516
58,50,8469.0273
57,51,8372.6666
56,52,8303.7221
55,53,8176
54,54,8074.8886
70,39,8089
69,40,8204
68,41,8297.1307
67,42,8381.4163
66,43,8444.1796
65,44,8496.228
64,45,8528.1404
63,46,8544.8825
62,47,8547.9155
61,48,8538.7646
60,49,8513.1027
59,50,8470.5183
58,51,8404.8161
57,52,8319.3305
56,53,8220.0164
55,54,8107.3071
70,40,8171
69,41,8255.2607
68,42,8359.293
67,43,8411.2603
66,44,8486.3123
65,45,8504.2551
64,46,8547.163
63,47,8532.1089
62,48,8551.2755
61,49,8508.9087
60,50,8496.0875
59,51,8412.6821
58,52,8358.116
57,53,8244.0767
56,54,8159.2808
71,40,8118
70,41,8223
69,42,8315.2932
68,43,8390.0906
67,44,8452.9582
66,45,8495.6267
65,46,8521.7498
64,47,8534.7878
63,48,8537.0801
62,49,8522.2824
61,50,8493.131
60,51,8440.1203
59,52,8367.7635
58,53,8282.9343
57,54,8182
56,55,8070
72,40,8081
71,41,8178
70,42,8291
69,43,8353.6217
68,44,8439.2431
67,45,8468.8666
66,46,8520.7205
65,47,8516.0807
64,48,8544.7306
63,49,8514.6674
62,50,8513.6189
61,51,8443.633
60,52,8400.6527
59,53,8299.8801
58,54,8230.0646
57,55,8102
73,40,8027
72,41,8143
71,42,8246
70,43,8329.4652
69,44,8402.6857
68,45,8456.8165
67,46,8492.5795
66,47,8516.066
65,48,8526.9874
64,49,8522.9297
63,50,8506.8117
62,51,8465.2762
61,52,8404.6366
60,53,8333.7528
59,54,8247.9277
58,55,8148.623
57,56,8035
73,41,8097
72,42,8219
71,43,8290.2599
70,44,8385.3351
69,45,8426.6221
68,46,8488.0056
67,47,8493.7786
66,48,8531.5135
65,49,8511.9742
64,50,8522.5671
63,51,8462.5191
62,52,8432.7885
61,53,8344.779
60,54,8289.2054
59,55,8173.5711
58,56,8089.6865
74,41,8061
73,42,8173
72,43,8264
71,44,8346.814
70,45,8410.6538
69,46,8457.7342
68,47,8490.5553
67,48,8510.7252
66,49,8516.5472
65,50,8514.0702
64,51,8480.9156
63,52,8431.1504
62,53,8374.5651
61,54,8300.9704
60,55,8216
59,56,8116
75,41,8012
74,42,8143
73,43,8223
72,44,8326.884
71,45,8377.6123
70,46,8449.2755
69,47,8465.9073
68,48,8512.3511
67,49,8501.6177
66,50,8523.1166
65,51,8475.8208
64,52,8455.6435
63,53,8381.2858
62,54,8336.8365
61,55,8235
60,56,8162
59,57,8032
75,42,8096
74,43,8195
73,44,8285.5625
72,45,8359.2766
71,46,8416.9243
70,47,8459.4515
69,48,8488.974
68,49,8503.8653
67,50,8509.612
66,51,8487.8981
65,52,8450.9203
64,53,8404.4307
63,54,8344.2976
62,55,8271.8652
61,56,8187.9546
60,57,8086
76,42,8067
75,43,8153
74,44,8263
73,45,8322.8539
72,46,8405.2197
71,47,8433.89
70,48,8487.835
69,49,8485.667
68,50,8516.5341
67,51,8478.9156
66,52,8469.697
65,53,8406.1203
64,54,8374.9819
63,55,8286.4053
62,56,8227
61,57,8114
77,42,8019
76,43,8126
75,44,8220
74,45,8303.3953
73,46,8368.9594
72,47,8423.2126
71,48,8461.4381
70,49,8486.1387
69,50,8499.4494
68,51,8487.9218
67,52,8462.0785
66,53,8426.8924
65,54,8378.442
64,55,8317.3347
63,56,8245.9287
62,57,8159
61,58,8058
77,43,8083
76,44,8199
75,45,8266
74,46,8357.0817
73,47,8395.3281
72,48,8458.024
71,49,8466.2575
70,50,8504.488
69,51,8475.63
68,52,8476.9857
67,53,8423.6745
66,54,8404.0322
65,55,8328.4811
64,56,8280.2949
63,57,8179
62,58,8108
78,43,8054
77,44,8156
76,45,8245.2397
75,46,8320.8584
74,47,8382.3306
73,48,8430.9972
72,49,8463.8767
71,50,8485.1964
70,51,8482.0574
69,52,8466.8641
68,53,8441.4111
67,54,8403.8326
66,55,8352.9152
65,56,8293.9083
64,57,8217
63,58,8132
62,59,8033
79,43,8011
78,44,8132
77,45,8208
76,46,8305.9755
75,47,8352.7591
74,48,8424.2667
73,49,8442.1079
72,50,8487.8968
71,51,8468.3222
70,52,8478.1315
69,53,8437.0139
68,54,8424.6644
67,55,8359.1515
66,56,8323.7567
65,57,8235
64,58,8174
63,59,8060
79,44,8089
78,45,8185
77,46,8270.0318
76,47,8337.9707
75,48,8395.3955
74,49,8437.9362
73,50,8467.2313
72,51,8472.3196
71,52,8465.537
70,53,8449.1896
69,54,8420.9239
68,55,8380.3796
67,56,8330.2086
66,57,8267
65,58,8193
64,59,8104
80,44,8065
79,45,8148
78,46,8252
77,47,8308.8958
76,48,8387.0179
75,49,8414.3243
74,50,8467.3997
73,51,8456.1517
72,52,8473.2705
71,53,8441.4807
70,54,8437.6138
69,55,8383.5114
68,56,8355.8209
67,57,8278.2926
66,58,8229
65,59,8128
64,60,8054
81,44,8023
80,45,8124
79,46,8215
78,47,8293.3151
77,48,8357.6815
76,49,8407.9365
75,50,8445.5285
74,51,8458.1612
73,52,8458.0361
72,53,8450.2911
71,54,8430.939
70,55,8399.8033
69,56,8358.1784
68,57,8304.6438
67,58,8242
66,59,8167
65,60,8080
81,45,8087
80,46,8197
79,47,8261
78,48,8346.7393
77,49,8384.6067
76,50,8443.5227
75,51,8440.3136
74,52,8463.2397
73,53,8439.9379
72,54,8443.5375
71,55,8399.2673
70,56,8379.7187
69,57,8312.4268
68,58,8273.2581
67,59,8184
66,60,8122
65,61,8008
82,45,8060
81,46,8160
80,47,8244
79,48,8316.8971
78,49,8374.8212
77,50,8420.5482
76,51,8439.811
75,52,8446.109
74,53,8445.482
73,54,8434.1066
72,55,8411.5617
71,56,8378.456
70,57,8333.5412
69,58,8280.7922
68,59,8216
67,60,8142
66,61,8052
83,45,8010
82,46,8137
81,47,8211
80,48,8303.2367
79,49,8351.4361
78,50,8416.9749
77,51,8420.7724
76,52,8448.7536
75,53,8432.8309
74,54,8443.3008
73,55,8406.4953
72,56,8395.9878
71,57,8337.1904
70,58,8306.9259
69,59,8228.9141
68,60,8177
67,61,8075
66,62,7998
83,46,8086
82,47,8188
81,48,8269.5311
80,49,8338.759
79,50,8392.8161
78,51,8418.0598
77,52,8430.4098
76,53,8435.9908
75,54,8431.3904
74,55,8416.0465
73,56,8391.0811
72,57,8356.0449
71,58,8310.9411
70,59,8254.3808
69,60,8191
68,61,8114
67,62,8023
84,46,8046
83,47,8142
82,48,8252.5868
81,49,8314.176
80,50,8386.817
79,51,8397.3641
78,52,8430.3251
77,53,8421.1011
76,54,8437.7314
75,55,8408.7848
74,56,8405.513
73,57,8356.1919
72,58,8333.2164
71,59,8263.7565
70,60,8222.5136
69,61,8131
68,62,8065
67,63,7950
85,46,7993
84,47,8102
83,48,8206.1204
82,49,8297.9544
81,50,8362.5183
80,51,8392.5525
79,52,8411.2339
78,53,8422.2977
77,54,8423.7367
76,55,8415.0317
75,56,8398.5511
74,57,8370.3676
73,58,8333.3969
72,59,8286.1439
71,60,8230.3045
70,61,8163
69,62,8085
68,63,7996
85,47,8053
84,48,8169.1421
83,49,8253.7162
82,50,8354.8726
81,51,8372.3452
80,52,8408.4859
79,53,8406.4628
78,54,8427.6229
77,55,8405.5878
76,56,8409.3747
75,57,8367.7559
74,58,8352.3223
73,59,8291.5377
72,60,8256.8104
71,61,8177
70,62,8122
69,63,8018
86,47,8013
85,48,8121
84,49,8217
83,50,8310.089
82,51,8364.7302
81,52,8389.0255
80,53,8405.0993
79,54,8412.6477
78,55,8409.9786
77,56,8400.2059
76,57,8378.8415
75,58,8349.8301
74,59,8310.2588
73,60,8262.232
72,61,8204.2841
71,62,8137
70,63,8056
69,64,7966
86,48,8086
85,49,8173
84,50,8275.1719
83,51,8325.9398
82,52,8383.6442
81,53,8389.0722
80,54,8413.6994
79,55,8398.647
78,56,8408.1731
77,57,8374.4888
76,58,8365.7716
75,59,8312.8817
74,60,8285.5391
73,61,8213.4131
72,62,8167
71,63,8075
70,64,8008
87,48,8036
86,49,8136
85,50,8230.6877
84,51,8291.9894
83,52,8345.7384
82,53,8384.7609
81,54,8398.4783
80,55,8401.3393
79,56,8397.5345
78,57,8382.7972
77,58,8361.9861
76,59,8328.9284
75,60,8288.1536
74,61,8236.7933
73,62,8177.627
72,63,8107
71,64,8028
70,65,7939
87,49,8091
86,50,8197
85,51,8252.2533
84,52,8319.4301
83,53,8351.3242
82,54,8396.1889
81,55,8389.7723
80,56,8402.7566
79,57,8376.0512
78,58,8373.7624
77,59,8330.0089
76,60,8308.5127
75,61,8243.7207
74,62,8205.9165
73,63,8122
72,64,8064
71,65,7961
88,49,8053
87,50,8152
86,51,8218.4764
85,52,8280.2357
84,53,8326.0033
83,54,8364.2865
82,55,8388.9581
81,56,8391.8288
80,57,8381.8807
79,58,8367.2497
78,59,8341.7074
77,60,8309.5892
76,61,8263.6516
75,62,8213.5527
74,63,8150.5738
73,64,8080
72,65,7999
88,50,8118
87,51,8178
86,52,8252.5786
85,53,8292.445
84,54,8344.6913
83,55,8360.1437
82,56,8393.4222
81,57,8375.0835
80,58,8377.0408
79,59,8339.2195
78,60,8325.4946
77,61,8268.3558
76,62,8237.9286
75,63,8161.6211
74,64,8112
73,65,8019
72,66,7950
89,50,8073
88,51,8144
87,52,8211.7716
86,53,8265.61
85,54,8311.5904
84,55,8342.3397
83,56,8367.0194
82,57,8377.9987
81,58,8370.4664
80,59,8349.5208
79,60,8323.6642
78,61,8285.5473
77,62,8243.0786
76,63,8187.2187
75,64,8126
74,65,8052
73,66,7971
90,50,8038
89,51,8103
88,52,8183.3567
87,53,8229.474
86,54,8290.8875
85,55,8314.3227
84,56,8353.15
83,57,8355.0201
82,58,8376.3045
81,59,8346.5163
80,60,8337.864
79,61,8289.0958
78,62,8263.8211
77,63,8197.733
76,64,8154.9757
75,65,8068.6732
74,66,8008
73,67,7906
90,51,8069
89,52,8142
88,53,8202.2562
87,54,8255.3647
86,55,8294.3554
85,56,8326.0774
84,57,8343.205
83,58,8355.3956
82,59,8353.9852
81,60,8335.5074
80,61,8303.9405
79,62,8265.846
78,63,8217.6853
77,64,8164.609
76,65,8097.4761
75,66,8027
74,67,7943
91,51,8027
90,52,8113
89,53,8165.2517
88,54,8233.1695
87,55,8264.8777
86,56,8310.9718
85,57,8320.8263
84,58,8347.07
83,59,8336.3032
82,60,8346.031
81,61,8306.6587
80,62,8285.9407
79,63,8226.396
78,64,8190.2569
77,65,8111.508
76,66,8061
75,67,7965
74,68,7893
91,52,8070
90,53,8137
89,54,8196.8855
88,55,8243.6707
87,56,8281.9878
86,57,8306.1271
85,58,8324.6765
84,59,8329.428
83,60,8330.4893
82,61,8317.7341
81,62,8288.1825
80,63,8245.8177
79,64,8198.3188
78,65,8138.2176
77,66,8075.0527
76,67,7999
75,68,7917
92,52,8040
91,53,8098
90,54,8172.8845
89,55,8211.8894
88,56,8265.4549
87,57,8281.4283
86,58,8314.7612
85,59,8311.5411
84,60,8326.9237
83,61,8305.2969
82,62,8303.68
81,63,8254.1744
80,64,8221.9382
79,65,8151.2877
78,66,8105.5902
77,67,8017.0977
76,68,7956
75,69,7850
93,52,7998
92,53,8069
91,54,8135.0877
90,55,8188.7342
89,56,8234.7991
88,57,8266.0873
87,58,8289.8762
86,59,8302.1285
85,60,8309.1883
84,61,8302.6583
83,62,8293.0139
82,63,8269.2744
81,64,8228.9485
80,65,8178.5397
79,66,8116.8884
78,67,8048.5792
77,68,7975
76,69,7889
93,53,8031
92,54,8110.4154
91,55,8155.4365
90,56,8215.5293
89,57,8239.9988
88,58,8278.5081
87,59,8280.325
86,60,8304.0927
85,61,8288.655
84,62,8293.8581
83,63,8261.9327
82,64,8249.5072
81,65,8187.1474
80,66,8146.1128
79,67,8063.2426
78,68,8010.5127
77,69,7914
94,53,8001
93,54,8072
92,55,8131.801
91,56,8183.2405
90,57,8221.5536
89,58,8252.5274
88,59,8270.54
87,60,8283.6036
86,61,8284.3712
85,62,8280.5734
84,63,8263.5409
83,64,8243.3366
82,65,8206.625
81,66,8156.768
80,67,8094.0381
79,68,8026.476
78,69,7948.8178
94,54,8047
93,55,8097.5469
92,56,8164.1118
91,57,8193.7165
90,58,8240.3876
89,59,8249.5409
88,60,8277.1778
87,61,8268.2283
86,62,8279.6326
85,63,8253.8155
84,64,8248.3398
83,65,8204.3207
82,66,8180.943
81,67,8108.9797
80,68,8059.6924
79,69,7968.5011
78,70,7906
95,54,8009
94,55,8073
93,56,8131.8495
92,57,8176.1915
91,58,8214.2294
90,59,8238.304
89,60,8255.4437
88,61,8261.5277
87,62,8263.4683
86,63,8253.556
85,64,8239.4856
84,65,8209.8153
83,66,8179.0972
82,67,8133.255
81,68,8074.9558
80,69,8004
79,70,7927
96,54,7983
95,55,8039
94,56,8111.8405
93,57,8149.4339
92,58,8201.123
91,59,8218.9316
90,60,8249.5789
89,61,8243.8125
88,62,8261.6235
87,63,8241.3481
86,64,8242.6103
85,65,8206.3396
84,66,8189.1495
83,67,8134.8423
82,68,8102.1962
81,69,8021
80,70,7965
79,71,7866
96,55,8013
95,56,8079
94,57,8129.0436
93,58,8176.2779
92,59,8207.8824
91,60,8230.2741
90,61,8241.2723
89,62,8243.9735
88,63,8239.2998
87,64,8231.0446
86,65,8208.8743
85,66,8184.6789
84,67,8145.5267
83,68,8104.8723
82,69,8050.0576
81,70,7983.7556
80,71,7904
97,55,7980
96,56,8057
95,57,8102
94,58,8161
93,59,8187.1049
92,60,8224.0078
91,61,8226.1293
90,62,8244.0645
89,63,8226.5854
88,64,8233.4042
87,65,8202.0072
86,66,8192.9171
85,67,8144.9193
84,68,8119.3485
83,69,8056.4387
82,70,8015.4371
81,71,7926
97,56,8023
96,57,8081
95,58,8134
94,59,8172.0371
93,60,8204.5832
92,61,8221.1536
91,62,8228.5373
90,63,8228.7011
89,64,8220.4209
88,65,8205.0504
87,66,8185.7514
86,67,8153.6372
85,68,8118.8154
84,69,8071.2571
83,70,8022
82,71,7959.0882
81,72,7882
98,56,8001
97,57,8051
96,58,8116
95,59,8147.2994
94,60,8192.3491
93,61,8204.717
92,62,8226.8379
91,63,8217.1006
90,64,8224.7996
89,65,8196.6697
88,66,8193.1305
87,67,8150.6825
86,68,8132.3919
85,69,8074.209
84,70,8039.9402
83,71,7968
82,72,7918
98,57,8028
97,58,8087
96,59,8131.0398
95,60,8170.305
94,61,8195.2977
93,62,8211.2258
92,63,8216.676
91,64,8213.2541
90,65,8202.9173
89,66,8184.357
88,67,8159.2055
87,68,8129.4444
86,69,8088.376
85,70,8043.8234
84,71,7987.4369
83,72,7929
82,73,7858
99,57,7997
98,58,8068
97,59,8105.2337
96,60,8156.3265
95,61,8176.7263
94,62,8205.0054
93,63,8204.6192
92,64,8215.3253
91,65,8194.6415
90,66,8192.4366
89,67,8155.428
88,68,8141.9084
87,69,8089.6032
86,70,8061.7107
85,71,7995.3752
84,72,7952.6676
83,73,7872
100,57,7972
99,58,8037
98,59,8085.817
97,60,8132.1671
96,61,8164.1458
95,62,8187.0642
94,63,8199.7975
93,64,8203.5072
92,65,8198.1416
91,66,8184.6287
90,67,8163.1373
89,68,8136.3757
88,69,8101.4285
87,70,8062.7551
86,71,8013.3128
85,72,7960
84,73,7896.0608
83,74,7828
100,58,8015
99,59,8059
98,60,8114.9529
97,61,8143.3622
96,62,8177.3075
95,63,8185.132
94,64,8201.8229
93,65,8189.1556
92,66,8190.1298
91,67,8158.4709
90,68,8147.927
89,69,8101.1994
88,70,8079.1999
87,71,8018.5685
86,72,7981.2764
85,73,7907
84,74,7855
101,58,7983
100,59,8037
99,60,8088.8224
98,61,8126.8601
97,62,8157.4963
96,63,8176.6987
95,64,8187.6177
94,65,8188.8025
93,66,8181.5842
92,67,8165.1066
91,68,8142.7742
90,69,8112.7549
89,70,8078.0428
88,71,8034.6009
87,72,7986.561
86,73,7928.7258
85,74,7867
84,75,7795
101,59,8009
100,60,8069.9662
99,61,8103.6398
98,62,8144.6159
97,63,8160.103
96,64,8183.0171
95,65,8177.4676
94,66,8184.0526
93,67,8158.6004
92,68,8151.7217
91,69,8110.8124
90,70,8092.5614
89,71,8038.3387
88,72,8006.3791
87,73,7938.2704
86,74,7892.7893
85,75,7810
102,59,7986
101,60,8042
100,61,8085.9977
99,62,8122.0418
98,63,8148.981
97,64,8167.1934
96,65,8174.4809
95,66,8173.3093
94,67,8163.1134
93,68,8145.8628
92,69,8120.4906
91,70,8090.3861
90,71,8052.7821
89,72,8009.1245
88,73,7957.45
87,74,7901
86,75,7836.3292
85,76,7765
102,60,8022
101,61,8061
100,62,8107.5745
99,63,8129.5593
98,64,8159.0373
97,65,8164.0773
96,66,8173.4555
95,67,8155.4126
94,68,8152.3959
93,69,8117.5868
92,70,8102.5333
91,71,8054.5596
90,72,8027.1171
89,73,7964.3432
88,74,7923.8214
87,75,7848
86,76,7794
103,60,7992
102,61,8042
101,62,8084.1653
100,63,8116.0172
99,64,8140.756
98,65,8155.6322
97,66,8161.784
96,67,8156.967
95,68,8144.7403
94,69,8124.9774
93,70,8099.1069
92,71,8066.6848
91,72,8028.0072
90,73,7981.8905
89,74,7930.3043
88,75,7870.8655
87,76,7807
86,77,7734
103,61,8014
102,62,8067.7803
101,63,8095.3686
100,64,8129.9978
99,65,8139.9304
98,66,8158.7129
97,67,8147.9234
96,68,8149.0191
95,69,8119.6534
94,70,8109.4149
93,71,8065.8043
92,72,8043.8142
91,73,7986.9978
90,74,7951.4515
89,75,7881.0523
88,76,7833.308
87,77,7750
104,61,7992
103,62,8041
102,63,8080.0529
101,64,8110.4428
100,65,8130.3259
99,66,8143.9083
98,67,8146.9591
97,68,8139.9348
96,69,8125.5489
95,70,8104.8399
94,71,8076.746
93,72,8042.8728
92,73,8003.0547
91,74,7955.9704
90,75,7901.5201
89,76,7843
88,77,7776
87,78,7703
104,62,8023
103,63,8056
102,64,8097.226
101,65,8113.223
100,66,8137.2793
99,67,8135.4933
98,68,8141.9479
97,69,8118.9357
96,70,8112.4591
95,71,8074.1756
94,72,8056.4386
93,73,8004.9714
92,74,7974.8951
91,75,7909.6392
90,76,7866.3371
89,77,7789
88,78,7733
105,62,7992
104,63,8038
103,64,8075.5428
102,65,8101.441
101,66,8120.8782
100,67,8130.3732
99,68,8131.7352
98,69,8122.5826
97,70,8106.202
96,71,8083.1722
95,72,8054.185
94,73,8018.8614
93,74,7976.7045
92,75,7929
91,76,7873.9557
90,77,7812.8254
89,78,7746
106,62,7971
105,63,8012
104,64,8060
103,65,8082.798
102,66,8112.5293
101,67,8116.8061
100,68,8129.5897
99,69,8114.9516
98,70,8111.887
97,71,8080.4026
96,72,8065.5536
95,73,8019.4287
94,74,7993.9327
93,75,7935.1208
92,76,7895.9408
91,77,7823.8509
90,78,7773.6217
89,79,7688
106,63,7991
105,64,8035
104,65,8069
103,66,8094.7566
102,67,8109.0622
101,68,8117.0078
100,69,8114.4702
99,70,8104.5206
98,71,8086.3233
97,72,8061.7791
96,73,8030.9577
95,74,7994.5381
94,75,7951.3963
93,76,7901.2862
92,77,7845.5944
91,78,7784
90,79,7716
107,63,7963
106,64,8017
105,65,8047
104,66,8084
103,67,8093.7902
102,68,8111.9529
101,69,8105.5144
100,70,8106.6101
99,71,8081.6686
98,72,8070.8762
97,73,8030.2965
96,74,8008.9482
95,75,7955.012
94,76,7921.1258
93,77,7853
92,78,7808.2365
91,79,7730
90,80,7671
107,64,7990
106,65,8030
105,66,8062
104,67,8083.6021
103,68,8097.7404
102,69,8101.8931
101,70,8097.8826
100,71,8084.6621
99,72,8066.0687
98,73,8039.7914
97,74,8008.1158
96,75,7969.4131
95,76,7924.1769
94,77,7873.4895
93,78,7816.6017
92,79,7754.1069
91,80,7686
108,64,7972
107,65,8006
106,66,8049
105,67,8066
104,68,8090.4052
103,69,8091.0367
102,70,8097.4295
101,71,8078.2334
100,72,8071.7439
99,73,8037.7056
98,74,8020.1757
97,75,7971.846
96,76,7942.1626
95,77,7880.2637
94,78,7839.246
93,79,7766.1587
92,80,7713.6064
108,65,7988
107,66,8026
106,67,8054
105,68,8074
104,69,8084.4633
103,70,8087.4276
102,71,8079.0312
101,72,8066.0164
100,73,8044.065
99,74,8018.3337
98,75,7983.9068
97,76,7944.0341
96,77,7898.068
95,78,7845.3856
94,79,7788.2348
93,80,7725
109,65,7963
108,66,8011
107,67,8034
106,68,8064
105,69,8070.6432
104,70,8083.8481
103,71,8071.454
102,72,8068.5341
101,73,8040.4528
100,74,8027.2572
99,75,7985.0944
98,76,7959.4618
97,77,7902.0377
96,78,7866.1143
95,79,7797
94,80,7749.7851
109,66,7986
108,67,8019
107,68,8045
106,69,8061.7673
105,70,8070.9253
104,71,8069.1412
103,72,8060.7625
102,73,8044.4456
101,74,8024.113
100,75,7994.8168
99,76,7960.7294
98,77,7917.9112
97,78,7869.5216
96,79,7817.5939
95,80,7759.2134
110,66,7969
109,67,7997
108,68,8034
107,69,8045.1214
106,70,8064.0853
105,71,8059.0209
104,72,8061.3604
103,73,8038.6706
102,74,8030.1131
101,75,7993.9707
100,76,7972.8681
99,77,7921.5522
98,78,7888.9934
97,79,7825.3837
96,80,7782.664
95,81,7707.9383
110,67,7980
109,68,8013
108,69,8035
107,70,8049.9741
106,71,8053.4495
105,72,8051.8365
104,73,8040.8289
103,74,8025.0359
102,75,8001.2229
101,76,7972.4371
100,77,7934.6328
99,78,7892.4896
98,79,7843.8623
97,80,7789.8947
96,81,7732.1655
111,67,7957
110,68,7999
109,69,8017
108,70,8042.7386
107,71,8042.0554
106,72,8049.4438
105,73,8035
104,74,8029.2584
103,75,7998.1576
102,76,7981.9128
101,77,7936.563
100,78,7908.253
99,79,7849.3946
98,80,7811.3607
97,81,7741
96,82,7690.8359
111,68,7976
110,69,8004
109,70,8026
108,71,8035.0744
107,72,8038.5474
106,73,8033.5869
105,74,8023.2821
104,75,8003.7666
103,76,7979.4844
102,77,7947.5248
101,78,7910.6759
100,79,7865.6374
99,80,7816.2631
98,81,7763.4942
97,82,7701.463
112,68,7960
111,69,7983
110,70,8016
109,71,8022.0394
108,72,8034.9319
107,73,8025.8864
106,74,8025.4434
105,75,7999.9922
104,76,7987.4171
103,77,7947.6337
102,78,7923.5781
101,79,7870.3194
100,80,7836.1111
99,81,7771.431
98,82,7725.6993
112,69,7969
111,70,7996
110,71,8011.9301
109,72,8022.003
108,73,8023.405
107,74,8017.9494
106,75,8004.1434
105,76,7983.4263
104,77,7956.5242
103,78,7924.1271
102,79,7883.8359
101,80,7839.6792
100,81,7791.9183
99,82,7734.0704
113,69,7948
112,70,7984
111,71,7996
110,72,8014.8381
109,73,8012.6332
108,74,8018.3096
107,75,7998.6264
106,76,7989.7287
105,77,7954.8948
104,78,7934.7541
103,79,7887.2442
102,80,7856.9726
101,81,7796.3571
100,82,7756.3296
113,70,7963
112,71,7984.8125
111,72,8000.0315
110,73,8006.74
109,74,8008.3234
108,75,8001.0101
107,76,7985.0087
106,77,7961.8176
105,78,7933.3406
104,79,7898.5644
103,80,7859.3885
102,81,7815.6741
101,82,7762.179
114,70,7951
113,71,7967
112,72,7990.7228
111,73,7993.7535
110,74,8005.0777
109,75,7992.7517
108,76,7988.6778
107,77,7959.1992
106,78,7942.5649
105,79,7900.1947
104,80,7874.3454
103,81,7818.6727
102,82,7782.7264
101,83,7712
115,70,7929
114,71,7955
113,72,7973.9711
112,73,7986.3615
111,74,7992.9083
110,75,7991.0101
109,76,7981.3047
108,77,7963.7226
107,78,7939.7779
106,79,7909.441
105,80,7874.5391
104,81,7835.5756
103,82,7786.933
102,83,7732
115,71,7936
114,72,7964.3032
113,73,7971.8357
112,74,7988.6026
111,75,7981.2713
110,76,7982.8324
109,77,7958.0473
108,78,7946.8094
107,79,7909.5409
106,80,7888.2605
105,81,7837.5161
104,82,7805.342
103,83,7739.1175
102,84,7695.9488
116,71,7923
115,72,7947
114,73,7963.2123
113,74,7975.1168
112,75,7977.9519
111,76,7973.7814
110,77,7960.6692
109,78,7941.1699
108,79,7917.4323
107,80,7886.9905
106,81,7852.465
105,82,7808.401
104,83,7758.2083
103,84,7704.7889
117,71,7903
116,72,7936
115,73,7948
114,74,7969.0532
113,75,7966.7481
112,76,7973.8656
111,77,7954.8512
110,78,7947.9027
109,79,7914.7537
108,80,7899.034
107,81,7853.0537
106,82,7824.8211
105,83,7764.1904
104,84,7724.6544
117,72,7917
116,73,7938
115,74,7954
114,75,7961.8105
113,76,7963.0029
112,77,7956.0214
111,78,7941.4045
110,79,7921.9876
109,80,7896.9192
108,81,7866.2704
107,82,7826.2999
106,83,7780.9999
105,84,7731.1321
118,72,7905
117,73,7922
116,74,7947.5031
115,75,7949.7759
114,76,7962.1047
113,77,7947.7017
112,78,7946.4941
111,79,7918.8345
110,80,7907.0174
109,81,7866.0345
108,82,7841.1294
107,83,7785.3239
106,84,7749.4526
118,73,7911
117,74,7931.4359
116,75,7943.9588
115,76,7950.5687
114,77,7948.1144
113,78,7938.7279
112,79,7924.6819
111,80,7903.8002
110,81,7877.1445
109,82,7841.6782
108,83,7800.6613
107,84,7753.7871
106,85,7702.9233
119,73,7894
118,74,7924
117,75,7930.2389
116,76,7948.526
115,77,7938.9999
114,78,7942.4923
113,79,7920.1033
112,80,7912.0666
111,81,7876.0167
110,82,7854.6482
109,83,7803.6084
108,84,7771.0542
107,85,7709.7283
120,73,7883
119,74,7907
118,75,7923.9378
117,76,7936.2716
116,77,7938.1346
115,78,7933.7875
114,79,7924.1648
113,80,7907.973
112,81,7885.3445
111,82,7854.0994
110,83,7817.1718
109,84,7773.951
108,85,7727.1099
107,86,7675.853
121,73,7865
120,74,7899
119,75,7909
118,76,7932.0232
117,77,7928.4885
116,78,7935.942
115,79,7918.7744
114,80,7914.5974
113,81,7883.5211
112,82,7865.4181
111,83,7819.1955
110,84,7789.2947
109,85,7732.2304
108,86,7694.9961
121,74,7881
120,75,7901
119,76,7917.7449
118,77,7924.916
117,78,7926.553
116,79,7921.3778
115,80,7909.398
114,81,7890.7293
113,82,7864.0647
112,83,7830.7579
111,84,7791.3155
110,85,7748.0914
109,86,7700.3841
122,74,7872
121,75,7886
120,76,7912.2301
119,77,7914.1487
118,78,7926.5297
117,79,7914.8553
116,80,7914.37
115,81,7888.29
114,82,7873.3374
113,83,7831.9009
112,84,7804.7445
111,85,7752.0001
110,86,7717.966
123,74,7853
122,75,7877
121,76,7897
120,77,7909.0003
119,78,7915.9714
118,79,7915.6548
117,80,7908.6402
116,81,7893.5725
115,82,7871.2822
114,83,7841.6348
113,84,7805.7136
112,85,7766.0174
111,86,7722.119
110,87,7673.764
123,75,7861
122,76,7890
121,77,7897
120,78,7914.1512
119,79,7908.5675
118,80,7911.5532
117,81,7890.3011
116,82,7878.9695
115,83,7841.2123
114,84,7817.5611
113,85,7769.3446
112,86,7737.7245
111,87,7679.1873
124,75,7850
123,76,7874
122,77,7891.2066
121,78,7902.3011
120,79,7906.9379
119,80,7905.2794
118,81,7893.8773
117,82,7875.7366
116,83,7849.5232
115,84,7817.6582
114,85,7781.4883
113,86,7741.0568
112,87,7695.2599
124,76,7867
123,77,7878
122,78,7899.1986
121,79,7898.4915
120,80,7905.8956
119,81,7889.7037
118,82,7881.8101
117,83,7848.4969
116,84,7827.4407
115,85,7783.7601
114,86,7754.9111
113,87,7700.3292
125,76,7849
124,77,7870
123,78,7885.8337
122,79,7895.1752
121,80,7897.5607
120,81,7891.2717
119,82,7877.8782
118,83,7854.8713
117,84,7826.5619
116,85,7794.1536
115,86,7757.0174
114,87,7714.8367
113,88,7669.4108
126,76,7839
125,77,7855
124,78,7881.5609
123,79,7885.91
122,80,7896.8505
121,81,7886.2206
120,82,7882.1505
119,83,7852.5857
118,84,7834.8053
117,85,7794.5637
116,86,7769.3018
115,87,7719.0125
114,88,7685.5684
127,76,7814
126,77,7845
125,78,7867
124,79,7880.865
123,80,7887.4828
122,81,7886.053
121,82,7877.397
120,83,7857.4762
119,84,7832.8632
118,85,7803.6487
117,86,7770.3437
116,87,7731.7092
115,88,7689.8015
127,77,7823
126,78,7859
125,79,7868
124,80,7885.5455
123,81,7880.0238
122,82,7879.9326
121,83,7854.2157
120,84,7839.0823
119,85,7803.5522
118,86,7780.5743
117,87,7734.6931
116,88,7704.1238
128,77,7805
127,78,7836
126,79,7860
125,80,7874.7325
124,81,7878.3946
123,82,7874.3313
122,83,7857.3218
121,84,7836.2168
120,85,7810.2694
119,86,7780.7226
118,87,7745.687
117,88,7707.1698
116,89,7662.8519
128,78,7820
127,79,7840
126,80,7869.1723
125,81,7871.7219
124,82,7875.362
123,83,7853.3249
122,84,7840.5973
121,85,7808.8904
120,86,7789.0417
119,87,7746.9621
118,88,7719.8028
117,89,7667.8538
129,78,7797
128,79,7824
127,80,7848.6112
126,81,7866.7979
125,82,7869.8664
124,83,7854.5053
123,84,7836.6734
122,85,7813.9653
121,86,7787.9987
120,87,7756.2689
119,88,7721.7503
118,89,7681.1001
130,78,7780
129,79,7803
128,80,7834.1914
127,81,7847.1835
126,82,7867.453
125,83,7849.8534
124,84,7839.3568
123,85,7811.5604
122,86,7794.2678
121,87,7756.8985
120,88,7732.0177
119,89,7684.8289
118,90,7652.5716
130,79,7786
129,80,7813
128,81,7833.3979
127,82,7848.6488
126,83,7847.9869
125,84,7835.1882
124,85,7814.7835
123,86,7792.1755
122,87,7763.7485
121,88,7733.0177
120,89,7695.8455
119,90,7656
131,79,7764
130,80,7799
129,81,7813.589
128,82,7835.9656
127,83,7832.5424
126,84,7834.3462
125,85,7811.6638
124,86,7796.6653
123,87,7763.1243
122,88,7741.3687
121,89,7698.0182
120,90,7669.0764
131,80,7777
130,81,7799.7915
129,82,7817.0079
128,83,7819.7745
127,84,7818.7842
126,85,7811.3545
125,86,7793.9412
124,87,7768.3613
123,88,7741.0887
122,89,7707.468
121,90,7671.8506
120,91,7629.3948
132,80,7762
131,81,7780
130,82,7804.3203
129,83,7803.314
128,84,7810.2438
127,85,7798.34
126,86,7794.7963
125,87,7766.8455
124,88,7747.5078
123,89,7708.4479
122,90,7682.0628
121,91,7633.6289
133,80,7739
132,81,7765.4311
131,82,7785.1732
130,83,7791.0217
129,84,7794.024
128,85,7790.0036
127,86,7782.1824
126,87,7768.4543
125,88,7746.4726
124,89,7715.5908
123,90,7683.847
122,91,7644.8027
134,80,7724
133,81,7745
132,82,7772.3955
131,83,7773.4955
130,84,7785.1163
129,85,7776.3632
128,86,7777.1023
127,87,7757.7393
126,88,7749.1719
125,89,7715.8874
124,90,7692.3173
123,91,7647.7037
135,80,7701
134,81,7730
133,82,7752.7381
132,83,7761.7177
131,84,7768.1768
130,85,7767.8627
129,86,7763.8164
128,87,7753.2607
127,88,7739.3249
126,89,7719.4137
125,90,7693.0266
124,91,7657.3733
123,92,7620.7821
136,80,7685
135,81,7709
134,82,7740
133,83,7743.4996
132,84,7758.8205
131,85,7753.0024
130,86,7758.6553
129,87,7742.4513
128,88,7737.3458
127,89,7711.2319
126,90,7697.6617
125,91,7659.2006
124,92,7631.3072
136,81,7693
135,82,7719
134,83,7731.8491
133,84,7741.3614
132,85,7744.6172
131,86,7744.4037
130,87,7737.775
129,88,7726.9122
128,89,7710.3448
127,90,7690.5945
126,91,7664.6438
125,92,7634
137,81,7672
136,82,7705
135,83,7712.828
134,84,7731.53
133,85,7729.1175
132,86,7738.7527
131,87,7726.7143
130,88,7725.0241
129,89,7702.145
128,90,7691.6026
127,91,7659.1935
126,92,7640.7191
137,82,7684
136,83,7700
135,84,7713.334
134,85,7720.197
133,86,7723.7784
132,87,7721.1759
131,88,7714.056
130,89,7700.5489
129,90,7683.7655
128,91,7661.3783
127,92,7636.2867
126,93,7604.6732
138,82,7670
137,83,7681
136,84,7703.2244
135,85,7703.7033
134,86,7717.2552
133,87,7709.743
132,88,7711.6879
131,89,7692.3515
130,90,7684.4964
129,91,7655.5364
128,92,7640
127,93,7602.0758
138,83,7668
137,84,7684.4814
136,85,7694.4754
135,86,7701.3941
134,87,7703.2572
133,88,7701.1352
132,89,7690.5039
131,90,7676.064
130,91,7656.9809
129,92,7634.6849
128,93,7607
127,94,7576
139,83,7648
138,84,7674.0054
137,85,7677.3878
136,86,7694.4991
135,87,7690.9474
134,88,7696.6931
133,89,7682.8015
132,90,7676.6592
131,91,7651.2373
130,92,7637.7651
129,93,7602.7013
128,94,7582
140,83,7636
139,84,7655
138,85,7668.0557
137,86,7678.172
136,87,7683.6655
135,88,7685.3101
134,89,7679.1479
133,90,7668.6426
132,91,7651.8957
131,92,7631.7611
130,93,7607.5654
129,94,7580
128,95,7547
141,83,7616
140,84,7644
139,85,7650.7354
138,86,7670.7514
137,87,7670.368
136,88,7679.9236
135,89,7670.1438
134,90,7667.7162
133,91,7646.9612
132,92,7635.0742
131,93,7603.5032
130,94,7586
129,95,7546
141,84,7626
140,85,7641
139,86,7654.3581
138,87,7662.9412
137,88,7667.5866
136,89,7665.6906
135,90,7659.2229
134,91,7646.6504
133,92,7629.7717
132,93,7607.4231
131,94,7583
130,95,7553
142,84,7614
141,85,7624
140,86,7646.4108
139,87,7648.3768
138,88,7661.9636
137,89,7655.6628
136,90,7657.1195
135,91,7641.1093
134,92,7631.9166
133,93,7604.1714
132,94,7588
131,95,7552
143,84,7596
142,85,7613
141,86,7630.0508
140,87,7640.7162
139,88,7648.3048
138,89,7650.7084
137,90,7647.4591
136,91,7639.4945
135,92,7626.2918
134,93,7607.2771
133,94,7585
132,95,7558
143,85,7596
142,86,7621.6457
141,87,7626.3689
140,88,7642.4289
139,89,7639.1973
138,90,7645.0807
137,91,7632.2076
136,92,7627.4763
135,93,7604
134,94,7590.4039
133,95,7557
144,85,7585
143,86,7605.6227
142,87,7618.338
141,88,7628.4862
140,89,7633.2446
139,90,7634.651
138,91,7629.8752
137,92,7620.7218
136,93,7605.9921
135,94,7586.8834
134,95,7562.5697
144,86,7595
143,87,7603.7052
142,88,7621.9144
141,89,7621.4604
140,90,7630.9974
139,91,7621.8958
138,92,7620.9227
137,93,7601.7751
136,94,7591.0016
135,95,7562
145,86,7579
144,87,7594.5009
143,88,7607.8418
142,89,7615.0768
141,90,7620.1188
140,91,7618.4267
139,92,7613.3879
138,93,7602.1321
137,94,7587.1224
136,95,7566
135,96,7542
145,87,7579.3481
144,88,7600.0099
143,89,7602.4245
142,90,7615.0338
141,91,7609.5072
140,92,7611.8984
139,93,7597
138,94,7588.9839
137,95,7564
136,96,7548
146,87,7569.2398
145,88,7585.5644
144,89,7595.1939
143,90,7602.8937
142,91,7604.8675
141,92,7603.9574
140,93,7596.1816
139,94,7583.7968
138,95,7567
137,96,7546.002
136,97,7519
146,88,7576.5439
145,89,7582.1297
144,90,7596.8557
143,91,7594.6837
142,92,7600.716
141,93,7589.6382
140,94,7584.6061
139,95,7564
138,96,7550.6868
137,97,7519
147,88,7561
146,89,7573.5051
145,90,7584.3862
144,91,7588.4139
143,92,7590.9151
142,93,7587.0571
141,94,7578.8799
140,95,7565.1582
139,96,7547
138,97,7524
147,89,7559.2423
146,90,7576.9688
145,91,7577.5573
144,92,7586.4854
143,93,7579.2148
142,94,7577.9192
141,95,7561
140,96,7550.309
139,97,7523
148,89,7550
147,90,7563.4433
146,91,7570.3847
145,92,7576.1026
144,93,7574.9895
143,94,7570.7599
142,95,7561
141,96,7546.6241
140,97,7527
139,98,7503.3507
148,90,7555
147,91,7558.3449
146,92,7570.1262
145,93,7566.222
144,94,7568.3611
143,95,7555.5853
142,96,7547.9966
141,97,7525
140,98,7509
149,90,7540
148,91,7550
147,92,7558.5624
146,93,7560.568
145,94,7560.3187
144,95,7553.6891
143,96,7543.0659
142,97,7527
141,98,7507
140,99,7481
149,91,7537
148,92,7551.7705
147,93,7550.1743
146,94,7556.0433
145,95,7547.0136
144,96,7542.8617
143,97,7523
142,98,7510.24
141,99,7481
150,91,7528
149,92,7539
148,93,7544.0426
147,94,7546.4395
146,95,7543.2795
145,96,7536.8488
144,97,7524
143,98,7507
142,99,7485
141,100,7459
150,92,7532
149,93,7533.4042
148,94,7541.3284
147,95,7534.9917
146,96,7534.504
145,97,7519
144,98,7509.0991
143,99,7483
142,100,7465
151,92,7518
150,93,7526
149,94,7531.0087
148,95,7530.1742
147,96,7526.9261
146,97,7517.5021
145,98,7505
144,99,7486
143,100,7464
151,93,7514
150,94,7524.8154
149,95,7521.3095
148,96,7523.9527
147,97,7511.4759
146,98,7505.1373
145,99,7483
144,100,7468
143,101,7438
152,93,7506
151,94,7513.2822
150,95,7515.3043
149,96,7515.7677
148,97,7509.2714
147,98,7499.6644
146,99,7485
145,100,7465
144,101,7441
152,94,7506.5401
151,95,7505
150,96,7511.4716
149,97,7502.8035
148,98,7499.122
147,99,7480.7849
146,100,7467.9608
145,101,7441
153,94,7493
152,95,7499
151,96,7501.9318
150,97,7498.9408
149,98,7493.2638
148,99,7480.1005
147,100,7464
146,101,7444
153,95,7487
152,96,7496.7291
151,97,7490.5975
150,98,7491.044
149,99,7476
148,100,7465.9451
147,101,7442
146,102,7424
154,95,7479
153,96,7485.551
152,97,7486.041
151,98,7483.3954
150,99,7474
149,100,7461.8649
148,101,7444.0169
147,102,7422
154,96,7478.9385
153,97,7475.9594
152,98,7479.9567
151,99,7469
150,100,7462.0905
149,101,7441.6533
148,102,7426
155,96,7466.7233
154,97,7469.2637
153,98,7470.5014
152,99,7465.8842
151,100,7457.0013
150,101,7441.9005
149,102,7423
148,103,7400
156,96,7460
155,97,7459
154,98,7465.3474
153,99,7457.2428
152,100,7456.0351
151,101,7438.4444
150,102,7425.7992
149,103,7400
156,97,7451
155,98,7454.8297
154,99,7452.8879
153,100,7448.4712
152,101,7438
151,102,7422.4719
150,103,7402.918
149,104,7380
157,97,7440
156,98,7449.2259
155,99,7443.5759
154,100,7444.7936
153,101,7432
152,102,7423.5909
151,103,7401.1306
150,104,7384
157,98,7438
156,99,7437.8216
155,100,7435.886
154,101,7428.7333
153,102,7417.9403
152,103,7402.5767
151,104,7382
150,105,7359
158,98,7432
157,99,7428
156,100,7431.7888
155,101,7421
154,102,7416.5429
153,103,7398.1605
152,104,7385.4349
151,105,7359
158,99,7422
157,100,7422.1942
156,101,7417.5845
155,102,7409.6587
154,103,7397
153,104,7381.7053
152,105,7361.9767
159,99,7412
158,100,7418
157,101,7409.6615
156,102,7407
155,103,7392
154,104,7382.5257
153,105,7359.4803
152,106,7342
159,100,7407
158,101,7405
157,102,7399.9714
156,103,7390
155,104,7377
154,105,7360.3626
153,106,7340
160,100,7402
159,101,7396
158,102,7397
157,103,7383
156,104,7377
155,105,7357
154,106,7342.5632
153,107,7314
160,101,7391
159,102,7388
158,103,7381
157,104,7371.3858
156,105,7357
155,106,7339.771
154,107,7317.3313
161,101,7382
160,102,7385
159,103,7374
158,104,7370
157,105,7352
156,106,7341.1736
155,107,7315.7331
161,102,7376
160,103,7371
159,104,7364
158,105,7352
157,106,7337
156,107,7318
155,108,7295
162,102,7371
161,103,7363
160,104,7361
159,105,7346
158,106,7338
157,107,7315
156,108,7298.3762
162,103,7359
161,104,7354
160,105,7345
159,106,7333
158,107,7316
157,108,7296.2474
156,109,7272
163,103,7349
162,104,7351
161,105,7339
160,106,7332
159,107,7313
158,108,7298.2611
157,109,7270.7598
163,104,7342
162,105,7337
161,106,7327
160,107,7313
159,108,7295
158,109,7273
157,110,7248
164,104,7337
163,105,7328
162,106,7326
161,107,7309
160,108,7297
159,109,7271
158,110,7252
164,105,7323
163,106,7318
162,107,7309
161,108,7294
160,109,7274
159,110,7250.1551
165,105,7314
164,106,7314
163,107,7301
162,108,7295
161,109,7271
160,110,7253.7634
165,106,7305
164,107,7298
163,108,7288
162,109,7273
161,110,7252
166,106,7301
165,107,7290
164,108,7286
163,109,7267
162,110,7255
161,111,7227
167,106,7292
166,107,7286
165,108,7279
164,109,7265
163,110,7250
162,111,7230
167,107,7278
166,108,7276
165,109,7259
164,110,7249
163,111,7227
168,107,7273
167,108,7268
166,109,7257
165,110,7243
164,111,7227
169,107,7265
168,108,7265
167,109,7250
166,110,7243
165,111,7223
164,112,7209
170,107,7260
169,108,7256
168,109,7247
167,110,7237
166,111,7222
165,112,7205
171,107,7251
170,108,7252
169,109,7240
168,110,7236
167,111,7218
166,112,7206
165,113,7181
171,108,7243
170,109,7237
169,110,7229
168,111,7216
167,112,7202
166,113,7183
172,108,7239
171,109,7229
170,110,7227
169,111,7212
168,112,7202
167,113,7180
172,109,7225
171,110,7220
170,111,7209
169,112,7197
168,113,7181
173,109,7218
172,110,7217
171,111,7204
170,112,7197
169,113,7177
173,110,7210
172,111,7201
171,112,7192
170,113,7177
174,110,7207
173,111,7195
172,112,7191
171,113,7173
170,114,7163
174,111,7192
173,112,7185
172,113,7172
171,114,7159
175,111,7185
174,112,7183
173,113,7168
172,114,7159
175,112,7176
174,113,7166
173,114,7155
172,115,7139
176,112,7174
175,113,7160
174,114,7154
173,115,7135
176,113,7158
175,114,7149
174,115,7135
173,116,7119
177,113,7152
176,114,7147
175,115,7131
174,116,7120
177,114,7141
176,115,7129
175,116,7116
174,117,7098
177,115,7124
176,116,7116
175,117,7095
177,116,7111
176,117,7095
175,118,7078
177,117,7092
176,118,7079
177,118,7076
