1,0,0,0.6666667,0
0,1,0,0.6666667,0
1,1,-1,0.5,1112.2831
2,1,0,0,2827.2654
1,2,0,0,2572.68044
0,3,0,0.6666667,-2267
3,1,-1,0.5,1720.4491
2,2,1,0,7073.9156
1,3,-1,0.5,1153.7603
4,1,0,0.6666667,1336.3592
3,2,0,0,5512.1325
2,3,0,0,5266.1325
1,4,0,0.6666667,18
5,1,-1,0.75,961.6395
4,2,1,0,4878.5199
3,3,-1,0.5,5332.3312
2,4,1,0,4487.2478
1,5,-1,0.75,-467
6,1,0,0.6666667,940
5,2,0,0,4123.0578
4,3,0,0.6666667,5606.4401
3,4,0,0.6666667,5371.5487
2,5,0,0,3558.7055
6,2,1,0,3924.521
5,3,-1,0.75,5159.7124
4,4,1,1,7062.4356
3,5,-1,0.75,4717.1551
2,6,1,0,3101.5242
7,2,0,0,3349.038
6,3,0,0.6666667,5037.7685
5,4,0,1.2,6462.6693
4,5,0,1.2,6257.0713
3,6,0,0.6666667,4337.4233
8,2,1,0,2995.134
7,3,-1,0.5,4531.3512
6,4,1,1,6497.6306
5,5,-1,1.5,6475.0835
4,6,1,1,6032.0426
3,7,-1,0.5,3643.6724
8,3,0,0,4155.3817
7,4,0,0.6666667,5952.5402
6,5,0,1.2,6927.7323
5,6,0,1.2,6676.4563
4,7,0,0.6666667,5358.4023
3,8,0,0,3162.4372
9,3,-1,0.5,3791.5999
8,4,1,0,5720.7223
7,5,-1,0.75,6631.2237
6,6,1,1,7680.1446
5,7,-1,0.75,6170.11
4,8,1,0,4881.9755
10,3,0,0.6666667,3507.6307
9,4,0,0.6666667,5241.4359
8,5,0,0,6496.4194
7,6,0,0.6666667,7469.8495
6,7,0,0.6666667,7238.8634
5,8,0,0,5811.7636
4,9,0,0.6666667,4297
10,4,1,1,4993.8973
9,5,-1,0.75,6101.6451
8,6,1,0,7520.3198
7,7,-1,0.5,7475.6148
6,8,1,0,7052.2783
5,9,-1,0.75,5285.2091
11,4,0,1.2,4540.9708
10,5,0,1.2,5880.0438
9,6,0,0.6666667,7100.1696
8,7,0,0,7699.4603
7,8,0,0,7463.6915
6,9,0,0.6666667,6497.4597
5,10,0,1.2,4868.7285
12,4,1,1.3333334,4285.2851
11,5,-1,1.5,5507.3535
10,6,1,1,6922.0546
9,7,-1,0.5,7373.7971
8,8,1,0,7976.2072
7,9,-1,0.5,6964.049
6,10,1,1,6083.1777
12,5,0,1.7142857,5269.6677
11,6,0,1.2,6558.0262
10,7,0,0.6666667,7286.2294
9,8,0,0,7750.7291
8,9,0,0,7542.3284
7,10,0,0.6666667,6640.4991
6,11,0,1.2,5522.7653
13,5,-1,1.875,4976.6306
12,6,1,1.3333334,6426.1321
11,7,-1,0.75,7038.5627
10,8,1,0,7767.0981
9,9,-1,0.5,7631.6383
8,10,1,0,7341.2577
7,11,-1,0.75,6202.2176
14,5,0,2,4719.6346
13,6,0,1.4285715,6118.274
12,7,0,0.8,6948.5452
11,8,0,0,7566.4952
10,9,0,0.6666667,7779.0192
9,10,0,0.6666667,7567.3431
8,11,0,0,6937.8864
7,12,0,0.8,5901.4992
15,5,-1,1.875,4405.6529
14,6,1,1.5,5961.4356
13,7,-1,0.8333333,6709.1717
12,8,1,0,7568.5707
11,9,-1,0.75,7720.1351
10,10,1,1,8032.2412
9,11,-1,0.75,7298.5028
8,12,1,0,6728.0252
16,5,0,1.7142857,4152.5265
15,6,0,1.4285715,5674
14,7,0,0.85714287,6609.0159
13,8,0,0,7389.3747
12,9,0,0.8,7738.2934
11,10,0,1.2,7971.7136
10,11,0,1.2,7765.5581
9,12,0,0.8,7105.0317
8,13,0,0,6297
16,6,1,1.3333334,5421.0778
15,7,-1,0.8333333,6378.5347
14,8,1,0,7364.8722
13,9,-1,0.8333333,7624.2954
12,10,1,1.3333334,8080.4656
11,11,-1,1.5,7915.6624
10,12,1,1.3333334,7662.7645
9,13,-1,0.8333333,6782
8,14,1,0,6044
17,6,0,1.2,5077
16,7,0,0.8,6236.6721
15,8,0,0,7163.4856
14,9,0,0.85714287,7622.3447
13,10,0,1.4285715,7955.2561
12,11,0,1.7142857,8111.4936
11,12,0,1.7142857,7901.1229
10,13,0,1.4285715,7335.7275
9,14,0,0.85714287,6554
17,7,-1,0.75,5887
16,8,1,0,7039.6855
15,9,-1,0.8333333,7463.5831
14,10,1,1.5,7993.3252
13,11,-1,1.875,8063.4882
12,12,1,2,8260.7103
11,13,-1,1.875,7649.5806
10,14,1,1.5,7167.2329
9,15,-1,0.8333333,6165
18,7,0,0.6666667,5613
17,8,0,0,6727.8058
16,9,0,0.8,7336.3065
15,10,0,1.4285715,7839.7994
14,11,0,2,8101.3979
13,12,0,2.2222223,8223.5028
12,13,0,2.2222223,8021.1366
11,14,0,2,7480.1109
10,15,0,1.4285715,6794
18,8,1,0,6497.479
17,9,-1,0.75,7082.2497
16,10,1,1.3333334,7751.911
15,11,-1,1.875,8004.2013
14,12,1,2.4,8333.8711
13,13,-1,2.5,8149.7653
12,14,1,2.4,7924.7083
11,15,-1,1.875,7198
10,16,1,1.3333334,6525
19,8,0,0,6185
18,9,0,0.6666667,6879.6662
17,10,0,1.2,7520.4151
16,11,0,1.7142857,7956.9467
15,12,0,2.2222223,8263.8525
14,13,0,2.7272727,8331.5533
13,14,0,2.7272727,8124.342
12,15,0,2.2222223,7661.0894
11,16,0,1.7142857,6960
20,8,1,0,5988
19,9,-1,0.5,6626.8567
18,10,1,1,7388.3463
17,11,-1,1.5,7799.2644
16,12,1,2,8272.4531
15,13,-1,2.5,8309.8969
14,14,1,3,8447.7445
13,15,-1,2.5,7907.4842
12,16,1,2,7478.7911
11,17,-1,1.5,6587
20,9,0,0,6444.0314
19,10,0,0.6666667,7167.0673
18,11,0,1.2,7682.1522
17,12,0,1.7142857,8113.5317
16,13,0,2.2222223,8348.4647
15,14,0,2.7272727,8448.6361
14,15,0,2.7272727,8251.2368
13,16,0,2.2222223,7746.3826
12,17,0,1.7142857,7129
11,18,0,1.2,6276
21,9,-1,0.5,6205
20,10,1,0,7034.5317
19,11,-1,0.75,7501.9685
18,12,1,1.3333334,8054.425
17,13,-1,1.875,8261.1049
16,14,1,2.4,8520.6549
15,15,-1,2.5,8353.5064
14,16,1,2.4,8122.7081
13,17,-1,1.875,7472.1698
12,18,1,1.3333334,6866
22,9,0,0.6666667,6011
21,10,0,0.6666667,6813.0902
20,11,0,0,7398.6778
19,12,0,0.8,7869.1886
18,13,0,1.4285715,8225.518
17,14,0,2,8458.2916
16,15,0,2.2222223,8481.1677
15,16,0,2.2222223,8281.8013
14,17,0,2,7869.2101
13,18,0,1.4285715,7252
12,19,0,0.8,6487
22,10,1,1,6671
21,11,-1,0.75,7219.8815
20,12,1,0,7803.8411
19,13,-1,0.8333333,8100.3449
18,14,1,1.5,8481.469
17,15,-1,1.875,8464.1203
16,16,1,2,8493.1301
15,17,-1,1.875,8072.4058
14,18,1,1.5,7700.0089
13,19,-1,0.8333333,6920
23,10,0,1.2,6436
22,11,0,1.2,7089.9262
21,12,0,0.8,7636.4382
20,13,0,0,8020.6172
19,14,0,0.85714287,8361.0596
18,15,0,1.4285715,8513.8073
17,16,0,1.7142857,8497.6304
16,17,0,1.7142857,8304.7557
15,18,0,1.4285715,7928.9559
14,19,0,0.85714287,7392
13,20,0,0,6657
24,10,1,1.3333334,6287
23,11,-1,1.5,6886.4377
22,12,1,1.3333334,7550.3919
21,13,-1,0.8333333,7860.3506
20,14,1,0,8337.1659
19,15,-1,0.8333333,8448.1856
18,16,1,1.3333334,8583.4986
17,17,-1,1.5,8398.9706
16,18,1,1.3333334,8197.6724
15,19,-1,0.8333333,7670
14,20,1,0,7173
24,11,0,1.7142857,6745
23,12,0,1.7142857,7356.2338
22,13,0,1.4285715,7787.1243
21,14,0,0.85714287,8169.5644
20,15,0,0,8446.2496
19,16,0,0.8,8537.8511
18,17,0,1.2,8520.279
17,18,0,1.2,8327.4621
16,19,0,0.8,7965.8409
15,20,0,0,7476
14,21,0,0.85714287,6828
25,11,-1,1.5,6557
24,12,1,2,7244.4202
23,13,-1,1.875,7623.5154
22,14,1,1.5,8112.5199
21,15,-1,0.8333333,8307.8692
20,16,1,0,8575.39
19,17,-1,0.75,8521.9322
18,18,1,1,8519.9096
17,19,-1,0.75,8142.2233
16,20,1,0,7815.8799
15,21,-1,0.8333333,7166
26,11,0,1.2,6403
25,12,0,1.7142857,7055.1115
24,13,0,2.2222223,7531.316
23,14,0,2,7952.9033
22,15,0,1.4285715,8267.5561
21,16,0,0.8,8459.9363
20,17,0,0,8570.2816
19,18,0,0.6666667,8527.1406
18,19,0,0.6666667,8339.848
17,20,0,0,8003.4567
16,21,0,0.8,7525
15,22,0,1.4285715,6926
27,11,-1,0.75,6216
26,12,1,1.3333334,6928
25,13,-1,1.875,7370
24,14,1,2.4,7892.8297
23,15,-1,1.875,8147.2749
22,16,1,1.3333334,8448.7829
21,17,-1,0.75,8505.4817
20,18,1,0,8614.2807
19,19,-1,0.5,8438.0593
18,20,1,0,8240.0434
17,21,-1,0.75,7751
16,22,1,1.3333334,7319
28,11,0,0,6056
27,12,0,0.8,6734
26,13,0,1.4285715,7260
25,14,0,2,7730.9793
24,15,0,2.2222223,8097.9701
23,16,0,1.7142857,8344.2698
22,17,0,1.2,8494.4032
21,18,0,0.6666667,8562.5988
20,19,0,0,8557.0258
19,20,0,0,8369.6711
18,21,0,0.6666667,8013.4575
17,22,0,1.2,7566
16,23,0,1.7142857,7031
28,12,1,0,6598
27,13,-1,0.8333333,7097
26,14,1,1.5,7655.8247
25,15,-1,1.875,7981.4177
24,16,1,2,8329.3255
23,17,-1,1.5,8427.766
22,18,1,1,8595.2594
21,19,-1,0.5,8538.0907
20,20,1,0,8551.3046
19,21,-1,0.5,8173.6697
18,22,1,1,7865.8632
17,23,-1,1.5,7310
29,12,0,0.8,6425
28,13,0,0,6980
27,14,0,0.85714287,7482
26,15,0,1.4285715,7906.5513
25,16,0,1.7142857,8229.6358
24,17,0,1.7142857,8412.9593
23,18,0,1.2,8534.3733
22,19,0,0.6666667,8576.0731
21,20,0,0,8546.7075
20,21,0,0,8369.1979
19,22,0,0.6666667,8034.3889
18,23,0,1.2,7625
17,24,0,1.7142857,7116
29,13,-1,0.8333333,6829
28,14,1,0,7410
27,15,-1,0.8333333,7765.9122
26,16,1,1.3333334,8193.2275
25,17,-1,1.5,8345.8864
24,18,1,1.3333334,8555.6141
23,19,-1,0.75,8551.2571
22,20,1,0,8616.5646
21,21,-1,0.5,8444.9303
20,22,1,0,8259.24
19,23,-1,0.75,7824
18,24,1,1.3333334,7456
30,13,0,1.4285715,6712
29,14,0,0.85714287,7251
28,15,0,0,7681
27,16,0,0.8,8063.8276
26,17,0,1.2,8323.8672
25,18,0,1.2,8488.2382
24,19,0,0.8,8576.2204
23,20,0,0,8600.6653
22,21,0,0.6666667,8530.8265
21,22,0,0.6666667,8352.8054
20,23,0,0,8069.5129
19,24,0,0.8,7680
18,25,0,1.2,7213
30,14,1,1.5,7156
29,15,-1,0.8333333,7552
28,16,1,0,7996.0154
27,17,-1,0.75,8234.4788
26,18,1,1,8493.8411
25,19,-1,0.75,8546.7023
24,20,1,0,8658.1769
23,21,-1,0.75,8557.3805
22,22,1,1,8533.5215
21,23,-1,0.75,8203.4567
20,24,1,0,7949.6265
19,25,-1,0.75,7457
31,14,0,2,7004
30,15,0,1.4285715,7456
29,16,0,0.8,7867
28,17,0,0,8181.5991
27,18,0,0.6666667,8419.9526
26,19,0,0.6666667,8554.6747
25,20,0,0,8630.5467
24,21,0,0.8,8618.941
23,22,0,1.2,8555.7321
22,23,0,1.2,8380.0394
21,24,0,0.8,8087.7286
20,25,0,0,7747
19,26,0,0.6666667,7299
31,15,-1,1.875,7320
30,16,1,1.3333334,7785
29,17,-1,0.75,8080.7757
28,18,1,0,8412.3835
27,19,-1,0.5,8518.0428
26,20,1,0,8668.9848
25,21,-1,0.75,8622.0215
24,22,1,1.3333334,8656.4623
23,23,-1,1.5,8486.1423
22,24,1,1.3333334,8303.8233
21,25,-1,0.75,7916.0805
20,26,1,0,7603
32,15,0,2.2222223,7209
31,16,0,1.7142857,7652
30,17,0,1.2,7992
29,18,0,0.6666667,8311.425
28,19,0,0,8514.8795
27,20,0,0,8639.3548
26,21,0,0.6666667,8665.0958
25,22,0,1.2,8661.2325
24,23,0,1.7142857,8582.2348
23,24,0,1.7142857,8407.2067
22,25,0,1.2,8135.3117
21,26,0,0.6666667,7790
20,27,0,0,7396
32,16,1,2,7552
31,17,-1,1.5,7883
30,18,1,1,8243.6656
29,19,-1,0.5,8434.2324
28,20,1,0,8666.6916
27,21,-1,0.5,8656.2097
26,22,1,1,8723.0122
25,23,-1,1.5,8623.0686
24,24,1,2,8572.2553
23,25,-1,1.5,8274.1924
22,26,1,1,8022.7254
21,27,-1,0.5,7595
20,28,1,0,7236
33,16,0,2.2222223,7400
32,17,0,1.7142857,7785
31,18,0,1.2,8132
30,19,0,0.6666667,8372.2753
29,20,0,0,8594.85
28,21,0,0,8686.2805
27,22,0,0.6666667,8711.1625
26,23,0,1.2,8682.9135
25,24,0,1.7142857,8613.2777
24,25,0,1.7142857,8439.915
23,26,0,1.2,8161.3121
22,27,0,0.6666667,7840
21,28,0,0,7450
33,17,-1,1.875,7651
32,18,1,1.3333334,8054
31,19,-1,0.75,8288.5833
30,20,1,0,8550.1639
29,21,-1,0.5,8633.4747
28,22,1,0,8755.7227
27,23,-1,0.75,8695.9032
26,24,1,1.3333334,8701.0188
25,25,-1,1.5,8532.6823
24,26,1,1.3333334,8354.0268
23,27,-1,0.75,8000.6387
22,28,1,0,7702
34,17,0,2,7530
33,18,0,1.4285715,7922
32,19,0,0.8,8221.335
31,20,0,0,8476.9135
30,21,0,0.6666667,8597.2213
29,22,0,0.6666667,8708.9912
28,23,0,0,8742.0852
27,24,0,0.8,8711.9923
26,25,0,1.2,8633.7602
25,26,0,1.2,8460.4977
24,27,0,0.8,8193.2549
23,28,0,0,7870
35,17,-1,2.1,7386
34,18,1,1.5,7827
33,19,-1,0.8333333,8115.0303
32,20,1,0,8429.3821
31,21,-1,0.75,8534.6695
30,22,1,1,8691.8193
29,23,-1,0.75,8714.569
28,24,1,0,8775.9946
27,25,-1,0.75,8670.4087
26,26,1,1,8609.6079
25,27,-1,0.75,8325.5606
24,28,1,0,8083.8977
23,29,-1,0.75,7671
35,18,0,1.5555556,7677
34,19,0,0.85714287,8022.8488
33,20,0,0,8330.5778
32,21,0,0.8,8492.8325
31,22,0,1.2,8631.1256
30,23,0,1.2,8710.1425
29,24,0,0.8,8760.2103
28,25,0,0,8734.1798
27,26,0,0.6666667,8648.7985
26,27,0,0.6666667,8477.6578
25,28,0,0,8217.0749
24,29,0,0.8,7891
36,18,1,1.6,7578
35,19,-1,0.875,7891
34,20,1,0,8247.4967
33,21,-1,0.8333333,8404.8115
32,22,1,1.3333334,8599.6917
31,23,-1,1.5,8662.1382
30,24,1,1.3333334,8777.9672
29,25,-1,0.75,8737.9768
28,26,1,0,8736.3846
27,27,-1,0.5,8569.2199
26,28,1,0,8393.0328
25,29,-1,0.75,8045
24,30,1,1.3333334,7742
36,19,0,0.8888889,7792
35,20,0,0,8125.926
34,21,0,0.85714287,8333.3694
33,22,0,1.4285715,8518.9696
32,23,0,1.7142857,8637.3391
31,24,0,1.7142857,8731.9362
30,25,0,1.2,8765.0247
29,26,0,0.6666667,8746.5981
28,27,0,0,8669.6204
27,28,0,0,8497.3225
26,29,0,0.6666667,8233.997
25,30,0,1.2,7904
37,19,-1,0.9,7663
36,20,1,0,8033.1654
35,21,-1,0.875,8233.5781
34,22,1,1.5,8467.9495
33,23,-1,1.875,8574.7006
32,24,1,2,8723.2609
31,25,-1,1.5,8738.3358
30,26,1,1,8790.3563
29,27,-1,0.5,8694.8386
28,28,1,0,8642.7811
27,29,-1,0.5,8355.9907
26,30,1,1,8106
25,31,-1,1.5,7707
38,19,0,0.90909094,7563
37,20,0,0,7912
36,21,0,0.8888889,8158.1666
35,22,0,1.5555556,8372.9008
34,23,0,2,8535.1967
33,24,0,2.2222223,8663.3998
32,25,0,1.7142857,8736.7146
31,26,0,1.2,8770.2829
30,27,0,0.6666667,8741.8845
29,28,0,0,8670.9364
28,29,0,0,8503.2646
27,30,0,0.6666667,8231
26,31,0,1.2,7916
39,19,-1,0.9166667,7437
38,20,1,0,7828
37,21,-1,0.9,8054.9436
36,22,1,1.6,8307.629
35,23,-1,2.1,8458.156
34,24,1,2.4,8643.9987
33,25,-1,1.875,8696.6438
32,26,1,1.3333334,8792.2534
31,27,-1,0.75,8738.9719
30,28,1,0,8732.0621
29,29,-1,0.5,8570.9696
28,30,1,0,8395.9467
27,31,-1,0.75,8059
26,32,1,1.3333334,7770
40,19,0,0.90909094,7332
39,20,0,0,7708
38,21,0,0.90909094,7976.4073
37,22,0,1.6363636,8218
36,23,0,2.1818182,8403.8034
35,24,0,2.5454545,8568.5995
34,25,0,2,8680.9224
33,26,0,1.4285715,8754.7746
32,27,0,0.8,8768.0379
31,28,0,0,8736.5912
30,29,0,0.6666667,8642.0027
29,30,0,0.6666667,8473.7802
28,31,0,0,8232
27,32,0,0.8,7924
40,20,1,0,7627
39,21,-1,0.9166667,7873
38,22,1,1.6666666,8152.7858
37,23,-1,2.25,8322.8751
36,24,1,2.6666667,8540.1876
35,25,-1,2.1,8628.1392
34,26,1,1.5,8755.8539
33,27,-1,0.8333333,8746.7692
32,28,1,0,8780.7769
31,29,-1,0.75,8665.6047
30,30,1,1,8583.0524
29,31,-1,0.75,8327
28,32,1,0,8113
27,33,-1,0.8333333,7735
41,20,0,0,7503
40,21,0,0.90909094,7794
39,22,0,1.6923077,8058
38,23,0,2.3076923,8271.0417
37,24,0,2.7692308,8460.1734
36,25,0,2.1818182,8598.9157
35,26,0,1.5555556,8703.7686
34,27,0,0.85714287,8756.151
33,28,0,0,8765.0281
32,29,0,0.8,8715.5148
31,30,0,1.2,8610.3098
30,31,0,1.2,8446.4313
29,32,0,0.8,8215
28,33,0,0,7930
41,21,-1,0.9,7688
40,22,1,1.6666666,7990
39,23,-1,2.357143,8187.7565
38,24,1,2.857143,8427.3871
37,25,-1,2.25,8538.5002
36,26,1,1.6,8692.8831
35,27,-1,0.875,8721.3347
34,28,1,0,8794.5555
33,29,-1,0.8333333,8718.0839
32,30,1,1.3333334,8679.3451
31,31,-1,1.5,8518.6449
30,32,1,1.3333334,8347
29,33,-1,0.8333333,8049
42,21,0,0.8888889,7603
41,22,0,1.6363636,7891
40,23,0,2.3076923,8130.7809
39,24,0,2.9333334,8347.5398
38,25,0,2.3076923,8505.102
37,26,0,1.6363636,8631.5499
36,27,0,0.8888889,8717.7972
35,28,0,0,8763.4955
34,29,0,0.85714287,8752.1404
33,30,0,1.4285715,8686.2866
32,31,0,1.7142857,8583.9267
31,32,0,1.7142857,8418.7167
30,33,0,1.4285715,8193
29,34,0,0.85714287,7917
42,22,1,1.6,7826
41,23,-1,2.25,8045
40,24,1,2.857143,8303.5626
39,25,-1,2.357143,8437.4175
38,26,1,1.6666666,8612.3888
37,27,-1,0.9,8675.5223
36,28,1,0,8777.4637
35,29,-1,0.875,8739.0736
34,30,1,1.5,8735.9057
33,31,-1,1.875,8611.6317
32,32,1,2,8528.8243
31,33,-1,1.875,8286
30,34,1,1.5,8075
43,22,0,1.5555556,7726
42,23,0,2.1818182,7981
41,24,0,2.7692308,8218
40,25,0,2.3076923,8400.6822
39,26,0,1.6923077,8546.347
38,27,0,0.90909094,8656.8848
37,28,0,0,8736.2424
36,29,0,0.8888889,8757.0967
35,30,0,1.5555556,8724.266
34,31,0,2,8662.1601
33,32,0,2.2222223,8555.0584
32,33,0,2.2222223,8396.2351
31,34,0,2,8170
30,35,0,1.5555556,7904
43,23,-1,2.1,7894
42,24,1,2.6666667,8168
41,25,-1,2.25,8331.7986
40,26,1,1.6666666,8521.7245
39,27,-1,0.9166667,8605.9419
38,28,1,0,8739.5086
37,29,-1,0.9,8731.473
36,30,1,1.6,8759.6335
35,31,-1,2.1,8669.3631
34,32,1,2.4,8625.4383
33,33,-1,2.5,8468.4034
32,34,1,2.4,8300
31,35,-1,2.1,8014
44,23,0,2,7829
43,24,0,2.5454545,8079
42,25,0,2.1818182,8281
41,26,0,1.6363636,8449.9359
40,27,0,0.90909094,8581.7422
39,28,0,0,8695.7505
38,29,0,0.90909094,8737.4597
37,30,0,1.6363636,8734.1534
36,31,0,2.1818182,8707.533
35,32,0,2.5454545,8633.0884
34,33,0,2.7272727,8530.5685
33,34,0,2.7272727,8369.5344
32,35,0,2.5454545,8148
31,36,0,2.1818182,7883
44,24,1,2.4,8026
43,25,-1,2.1,8209
42,26,1,1.6,8418
41,27,-1,0.9,8520.1301
40,28,1,0,8682.4667
39,29,-1,0.9166667,8701.8913
38,30,1,1.6666666,8755.682
37,31,-1,2.25,8701.2195
36,32,1,2.6666667,8688.1371
35,33,-1,2.9166667,8557.7457
34,34,1,3,8477.0482
33,35,-1,2.9166667,8239
32,36,1,2.6666667,8034
45,24,0,2.2222223,7939
44,25,0,2,8155
43,26,0,1.5555556,8345
42,27,0,0.8888889,8495.4062
41,28,0,0,8623.0998
40,29,0,0.90909094,8695.2044
39,30,0,1.6923077,8722.7311
38,31,0,2.3076923,8724.5798
37,32,0,2.7692308,8680.964
36,33,0,3.0769231,8611.8214
35,34,0,3.2307692,8503.7082
34,35,0,3.2307692,8344.9026
33,36,0,3.0769231,8129
46,24,1,2,7884
45,25,-1,1.875,8084
44,26,1,1.5,8308
43,27,-1,0.875,8434.198
42,28,1,0,8604.2917
41,29,-1,0.9,8646.8655
40,30,1,1.6666666,8729.8086
39,31,-1,2.357143,8709.2808
38,32,1,2.857143,8721.7028
37,33,-1,3.2142856,8621.5541
36,34,1,3.4285715,8576.0338
35,35,-1,3.5,8414.7964
34,36,1,3.4285715,8256
46,25,0,1.7142857,8030
45,26,0,1.4285715,8235
44,27,0,0.85714287,8398.7344
43,28,0,0,8543.1564
42,29,0,0.8888889,8635.0233
41,30,0,1.6363636,8689.0417
40,31,0,2.3076923,8717.605
39,32,0,2.9333334,8703.3118
38,33,0,3.3333333,8663.935
37,34,0,3.6,8586.0606
36,35,0,3.7333333,8481.4629
35,36,0,3.7333333,8327.131
34,37,0,3.6,8118
47,25,-1,1.5,7955
46,26,1,1.3333334,8195
45,27,-1,0.8333333,8338
44,28,1,0,8520.2118
43,29,-1,0.875,8586.5256
42,30,1,1.6,8691.8053
41,31,-1,2.25,8687.0893
40,32,1,2.857143,8731.7459
39,33,-1,3.4375,8660.3786
38,34,1,3.75,8644.4902
37,35,-1,3.9375,8511.3126
36,36,1,4,8429.3193
35,37,-1,3.9375,8202
48,25,0,1.2,7895
47,26,0,1.2,8121
46,27,0,0.8,8302
45,28,0,0,8457.6529
44,29,0,0.85714287,8568.5699
43,30,0,1.5555556,8648.3455
42,31,0,2.1818182,8693.874
41,32,0,2.7692308,8705.05
40,33,0,3.3333333,8689.6099
39,34,0,3.8823528,8641.5591
38,35,0,4.117647,8568.0803
37,36,0,4.2352943,8460.1847
36,37,0,4.2352943,8305.0821
35,38,0,4.117647,8102
48,26,1,1,8076
47,27,-1,0.75,8239
46,28,1,0,8433
45,29,-1,0.8333333,8521.5633
44,30,1,1.5,8642.7547
43,31,-1,2.1,8663.1676
42,32,1,2.6666667,8725.2011
41,33,-1,3.2142856,8680.002
40,34,1,3.75,8687.7155
39,35,-1,4.2777777,8583.5615
38,36,1,4.4444447,8533.039
37,37,-1,4.5,8381.7123
36,38,1,4.4444447,8221
49,26,0,0.6666667,7996
48,27,0,0.6666667,8197
47,28,0,0,8369
46,29,0,0.8,8495.0801
45,30,0,1.4285715,8592.4981
44,31,0,2,8660.7565
43,32,0,2.5454545,8695.6096
42,33,0,3.0769231,8700.8748
41,34,0,3.6,8678.9139
40,35,0,4.117647,8627.6497
39,36,0,4.631579,8553.4399
38,37,0,4.736842,8448.2762
37,38,0,4.736842,8296.5116
36,39,0,4.631579,8089
50,26,1,0,7943
49,27,-1,0.5,8131
48,28,1,0,8338
47,29,-1,0.75,8443.6018
46,30,1,1.3333334,8582.2735
45,31,-1,1.875,8624.5272
44,32,1,2.4,8705.2364
43,33,-1,2.9166667,8682.8172
42,34,1,3.4285715,8711.4781
41,35,-1,3.9375,8635.883
40,36,1,4.4444447,8608.8077
39,37,-1,4.95,8486.2161
38,38,1,5,8393.9294
37,39,-1,4.95,8173
50,27,0,0,8082
49,28,0,0,8272
48,29,0,0.6666667,8411.2501
47,30,0,1.2,8530.0037
46,31,0,1.7142857,8613.3907
45,32,0,2.2222223,8671.0293
44,33,0,2.7272727,8695.9789
43,34,0,3.2307692,8694.6908
42,35,0,3.7333333,8666.8073
41,36,0,4.2352943,8616.837
40,37,0,4.736842,8537.3396
39,38,0,5.2380953,8435.9188
38,39,0,5.2380953,8278
37,40,0,4.736842,8075
51,27,-1,0.5,7997
50,28,1,0,8238
49,29,-1,0.5,8354.6695
48,30,1,1,8507.38
47,31,-1,1.5,8577.1043
46,32,1,2,8671.6636
45,33,-1,2.5,8673.876
44,34,1,3,8717.8072
43,35,-1,3.5,8661.9594
42,36,1,4,8661.2385
41,37,-1,4.5,8558.3512
40,38,1,5,8500.0971
39,39,-1,5.5,8349
38,40,1,5,8194
51,28,0,0,8150
50,29,0,0,8320.938
49,30,0,0.6666667,8450.5825
48,31,0,1.2,8556.0725
47,32,0,1.7142857,8634.5089
46,33,0,2.2222223,8676.6172
45,34,0,2.7272727,8695.5923
44,35,0,3.2307692,8687.5956
43,36,0,3.7333333,8657.113
42,37,0,4.2352943,8601.1401
41,38,0,4.736842,8523.8558
40,39,0,5.2380953,8416.7788
39,40,0,5.2380953,8267
38,41,0,4.736842,8066
52,28,1,0,8088
51,29,-1,0.5,8246
50,30,1,0,8423.5457
49,31,-1,0.75,8508.4545
48,32,1,1.3333334,8627.5707
47,33,-1,1.875,8651.2824
46,34,1,2.4,8710.8142
45,35,-1,2.9166667,8677.6541
44,36,1,3.4285715,8692.9301
43,37,-1,3.9375,8611.676
42,38,1,4.4444447,8578.5966
41,39,-1,4.95,8454.2759
40,40,1,5,8365
39,41,-1,4.95,8151
53,28,0,0,8000
52,29,0,0.6666667,8185
51,30,0,0.6666667,8351.9262
50,31,0,0,8483.3576
49,32,0,0.8,8580.6587
48,33,0,1.4285715,8648.0571
47,34,0,2,8685.9998
46,35,0,2.5454545,8695.9465
45,36,0,3.0769231,8682.8206
44,37,0,3.6,8645.5139
43,38,0,4.117647,8587.3545
42,39,0,4.631579,8505.9031
41,40,0,4.736842,8395.1519
40,41,0,4.736842,8248
39,42,0,4.631579,8054
54,28,1,0,7935
53,29,-1,0.75,8108
52,30,1,1,8301.1175
51,31,-1,0.75,8421.0494
50,32,1,0,8563.7567
49,33,-1,0.8333333,8611.4153
48,34,1,1.5,8693.1973
47,35,-1,2.1,8682.4953
46,36,1,2.6666667,8710.6754
45,37,-1,3.2142856,8647.4275
44,38,1,3.75,8635.719
43,39,-1,4.2777777,8529.2762
42,40,1,4.4444447,8465.4666
41,41,-1,4.5,8312
40,42,1,4.4444447,8163
54,29,0,0.8,8044
53,30,0,1.2,8226
52,31,0,1.2,8372.5756
51,32,0,0.8,8504.3462
50,33,0,0,8599.654
49,34,0,0.85714287,8658.556
48,35,0,1.5555556,8693.3852
47,36,0,2.1818182,8695.7295
46,37,0,2.7692308,8675.2193
45,38,0,3.3333333,8638.4076
44,39,0,3.8823528,8573.6571
43,40,0,4.117647,8488.3997
42,41,0,4.2352943,8378.9889
41,42,0,4.2352943,8234
40,43,0,4.117647,8043
55,29,-1,0.8333333,7965
54,30,1,1.3333334,8171
53,31,-1,1.5,8307.525
52,32,1,1.3333334,8465.5244
51,33,-1,0.8333333,8547.9385
50,34,1,0,8658.7935
49,35,-1,0.875,8671.3294
48,36,1,1.6,8717.4473
47,37,-1,2.25,8676.2244
46,38,1,2.857143,8677.5132
45,39,-1,3.4375,8587.7812
44,40,1,3.75,8549.0301
43,41,-1,3.9375,8417.9563
42,42,1,4,8325
41,43,-1,3.9375,8120
55,30,0,1.4285715,8090
54,31,0,1.7142857,8253.5687
53,32,0,1.7142857,8401.7689
52,33,0,1.4285715,8510.9851
51,34,0,0.85714287,8610.3045
50,35,0,0,8673.5926
49,36,0,0.8888889,8698.5633
48,37,0,1.6363636,8697.4416
47,38,0,2.3076923,8675.7193
46,39,0,2.9333334,8628.1486
45,40,0,3.3333333,8564.0394
44,41,0,3.6,8473.7117
43,42,0,3.7333333,8361.332
42,43,0,3.7333333,8215
41,44,0,3.6,8027
56,30,1,1.5,8032
55,31,-1,1.875,8182
54,32,1,2,8354.63
53,33,-1,1.875,8456.7215
52,34,1,1.5,8581.8224
51,35,-1,0.875,8632.3659
50,36,1,0,8712.0295
49,37,-1,0.9,8696.9014
48,38,1,1.6666666,8708.4566
47,39,-1,2.357143,8638.4293
46,40,1,2.857143,8614.0523
45,41,-1,3.2142856,8502.2231
44,42,1,3.4285715,8434.7175
43,43,-1,3.5,8280
42,44,1,3.4285715,8133
56,31,0,2,8124
55,32,0,2.2222223,8285
54,33,0,2.2222223,8413.8521
53,34,0,2,8529.092
52,35,0,1.5555556,8605.9105
51,36,0,0.8888889,8675.284
50,37,0,0,8710.9843
49,38,0,0.90909094,8705.2363
48,39,0,1.6923077,8674.8451
47,40,0,2.3076923,8623.6545
46,41,0,2.7692308,8551.7579
45,42,0,3.0769231,8462.4243
44,43,0,3.2307692,8347.7449
43,44,0,3.2307692,8201
57,31,-1,2.1,8050
56,32,1,2.4,8236
55,33,-1,2.5,8351
54,34,1,2.4,8495.0045
53,35,-1,2.1,8563.7479
52,36,1,1.6,8656.8499
51,37,-1,0.9,8681.1154
50,38,1,0,8732.5958
49,39,-1,0.9166667,8682.5396
48,40,1,1.6666666,8666.0339
47,41,-1,2.25,8572.4013
46,42,1,2.6666667,8523.9087
45,43,-1,2.9166667,8389.8338
44,44,1,3,8298
43,45,-1,2.9166667,8090
57,32,0,2.5454545,8161
56,33,0,2.7272727,8304
55,34,0,2.7272727,8435.2799
54,35,0,2.5454545,8530.7802
53,36,0,2.1818182,8614.8158
52,37,0,1.6363636,8664.1895
51,38,0,0.90909094,8705.923
50,39,0,0,8714.011
49,40,0,0.90909094,8673.3865
48,41,0,1.6363636,8616.8184
47,42,0,2.1818182,8544.9851
46,43,0,2.5454545,8450.5758
45,44,0,2.7272727,8340.376
44,45,0,2.7272727,8189
58,32,1,2.6666667,8109
57,33,-1,2.9166667,8240
56,34,1,3,8395.7672
55,35,-1,2.9166667,8478.1865
54,36,1,2.6666667,8591.2599
53,37,-1,2.25,8631.5262
52,38,1,1.6666666,8696.0043
51,39,-1,0.9166667,8693.3778
50,40,1,0,8709.9699
49,41,-1,0.9,8633.377
48,42,1,1.6,8597.0285
47,43,-1,2.1,8483.36
46,44,1,2.4,8409.7684
45,45,-1,2.5,8254
44,46,1,2.4,8113
58,33,0,3.0769231,8189
57,34,0,3.2307692,8334.8382
56,35,0,3.2307692,8441.9242
55,36,0,3.0769231,8541.7519
54,37,0,2.7692308,8607.5621
53,38,0,2.3076923,8663.8759
52,39,0,1.6923077,8684.9421
51,40,0,0.90909094,8693.3149
50,41,0,0,8670.8983
49,42,0,0.8888889,8613.6286
48,43,0,1.5555556,8536.6558
47,44,0,2,8442.9287
46,45,0,2.2222223,8328
45,46,0,2.2222223,8183
59,33,-1,3.2142856,8121
58,34,1,3.4285715,8290
57,35,-1,3.5,8384.9123
56,36,1,3.4285715,8512.675
55,37,-1,3.2142856,8569.4225
54,38,1,2.857143,8648.907
53,39,-1,2.357143,8661.5894
52,40,1,1.6666666,8692.6783
51,41,-1,0.9,8662.3731
50,42,1,0,8657.7312
49,43,-1,0.875,8563.544
48,44,1,1.5,8504.774
47,45,-1,1.875,8373.4211
46,46,1,2,8275.5695
45,47,-1,1.875,8080
59,34,0,3.6,8225
58,35,0,3.7333333,8345.5986
57,36,0,3.7333333,8458.1085
56,37,0,3.6,8540.9209
55,38,0,3.3333333,8612.7875
54,39,0,2.9333334,8648.9054
53,40,0,2.3076923,8671.6207
52,41,0,1.6363636,8664.1849
51,42,0,0.8888889,8651.4095
50,43,0,0,8608.5782
49,44,0,0.85714287,8531.4627
48,45,0,1.4285715,8434.8255
47,46,0,1.7142857,8318.5637
46,47,0,1.7142857,8175
60,34,1,3.75,8180
59,35,-1,3.9375,8287
58,36,1,4,8424.3318
57,37,-1,3.9375,8492.7644
56,38,1,3.75,8593.8344
55,39,-1,3.4375,8622.8068
54,40,1,2.857143,8666.8016
53,41,-1,2.25,8648.9014
52,42,1,1.6,8662.3341
51,43,-1,0.875,8608.7373
50,44,1,0,8583.662
49,45,-1,0.8333333,8472.4033
48,46,1,1.3333334,8391.6832
47,47,-1,1.5,8238
46,48,1,1.3333334,8102
61,34,0,3.8823528,8112
60,35,0,4.117647,8245
59,36,0,4.2352943,8365.9963
58,37,0,4.2352943,8460.1967
57,38,0,4.117647,8549.0875
56,39,0,3.8823528,8604.9644
55,40,0,3.3333333,8643.5924
54,41,0,2.7692308,8647.2133
53,42,0,2.1818182,8648.7212
52,43,0,1.5555556,8622.6911
51,44,0,0.85714287,8587.4706
50,45,0,0,8525.3707
49,46,0,0.8,8428.9807
48,47,0,1.2,8315
47,48,0,1.2,8171
61,35,-1,4.2777777,8184
60,36,1,4.4444447,8330.8721
59,37,-1,4.5,8408.8963
58,38,1,4.4444447,8521.2041
57,39,-1,4.2777777,8569.4269
56,40,1,3.75,8635.3283
55,41,-1,3.2142856,8628.8868
54,42,1,2.6666667,8653.988
53,43,-1,2.1,8614.8673
52,44,1,1.5,8609.413
51,45,-1,0.8333333,8534.6735
50,46,1,0,8490.0207
49,47,-1,0.75,8360.2903
48,48,1,1,8259
47,49,-1,0.75,8069
62,35,0,4.4210525,8140
61,36,0,4.631579,8269.8645
60,37,0,4.736842,8376.1872
59,38,0,4.736842,8471.8489
58,39,0,4.631579,8541.4616
57,40,0,4.117647,8603.7182
56,41,0,3.6,8623.1384
55,42,0,3.0769231,8635.0926
54,43,0,2.5454545,8623.7254
53,44,0,2,8604.2799
52,45,0,1.4285715,8559.8949
51,46,0,0.8,8502.4303
50,47,0,0,8423.2121
49,48,0,0.6666667,8310.3013
48,49,0,0.6666667,8165
63,35,-1,4.55,8078
62,36,1,4.8,8234
61,37,-1,4.95,8330.7294
60,38,1,5,8445.7385
59,39,-1,4.95,8497.6162
58,40,1,4.4444447,8581.3984
57,41,-1,3.9375,8596.3016
56,42,1,3.4285715,8635.1691
55,43,-1,2.9166667,8610.0047
54,44,1,2.4,8620.314
53,45,-1,1.875,8560.8038
52,46,1,1.3333334,8533.8999
51,47,-1,0.75,8441.6866
50,48,1,0,8378.2953
49,49,-1,0.5,8230
63,36,0,4.952381,8175
62,37,0,5.142857,8295.301
61,38,0,5.2380953,8402.5235
60,39,0,5.2380953,8476.6938
59,40,0,4.736842,8539.225
58,41,0,4.2352943,8578.9859
57,42,0,3.7333333,8607.7982
56,43,0,3.2307692,8613.6105
55,44,0,2.7272727,8608.7132
54,45,0,2.2222223,8580.1959
53,46,0,1.7142857,8537.9332
52,47,0,1.2,8474.7744
51,48,0,0.6666667,8398.3734
50,49,0,0,8304
49,50,0,0,8161
64,36,1,5.090909,8134
63,37,-1,5.318182,8244.5085
62,38,1,5.4545455,8372.2012
61,39,-1,5.5,8439.4151
60,40,1,5,8522.1066
59,41,-1,4.5,8548.4683
58,42,1,4,8604.6626
57,43,-1,3.5,8595.1184
56,44,1,3,8619.3593
55,45,-1,2.5,8575.1732
54,46,1,2,8563.5652
53,47,-1,1.5,8484.9947
52,48,1,1,8437.7375
51,49,-1,0.5,8329.7495
50,50,1,0,8251.626
65,36,0,5.2173915,8075
64,37,0,5.478261,8206.1753
63,38,0,5.652174,8324.7411
62,39,0,5.7391305,8413.3305
61,40,0,5.2380953,8485.8439
60,41,0,4.736842,8534.8355
59,42,0,4.2352943,8572.9159
58,43,0,3.7333333,8593.1366
57,44,0,3.2307692,8601.366
56,45,0,2.7272727,8588.2172
55,46,0,2.2222223,8560.8644
54,47,0,1.7142857,8512.5465
53,48,0,1.2,8450.3657
52,49,0,0.6666667,8370.426
51,50,0,0,8281.103
65,37,-1,5.625,8152.7443
64,38,1,5.8333335,8291.2213
63,39,-1,5.9583335,8371.9172
62,40,1,5.4545455,8466.294
61,41,-1,4.95,8504.8675
60,42,1,4.4444447,8568.3994
59,43,-1,3.9375,8570.6514
58,44,1,3.4285715,8607.4275
57,45,-1,2.9166667,8576.9818
56,46,1,2.4,8580.2887
55,47,-1,1.875,8517.165
54,48,1,1.3333334,8484.1322
53,49,-1,0.75,8388.5719
52,50,1,0,8324.4313
51,51,-1,0.5,8181
66,37,0,5.76,8112
65,38,0,6,8242
64,39,0,6.16,8342.6336
63,40,0,5.652174,8425.8337
62,41,0,5.142857,8488.332
61,42,0,4.631579,8538.2672
60,43,0,4.117647,8566.1045
59,44,0,3.6,8584.3656
58,45,0,3.0769231,8584.1927
57,46,0,2.5454545,8571.0173
56,47,0,2,8537.652
55,48,0,1.4285715,8489.7547
54,49,0,0.8,8423.7199
53,50,0,0,8343
52,51,0,0.6666667,8234
67,37,-1,5.625,8057
66,38,1,6.1538463,8206
65,39,-1,6.3461537,8298
64,40,1,5.8333335,8402.3159
63,41,-1,5.318182,8453.3832
62,42,1,4.8,8527.9063
61,43,-1,4.2777777,8541.107
60,44,1,3.75,8587.3998
59,45,-1,3.2142856,8568.9501
58,46,1,2.6666667,8584.8485
57,47,-1,2.1,8536.185
56,48,1,1.5,8517.6232
55,49,-1,0.8333333,8435.238
54,50,1,0,8383.9114
53,51,-1,0.75,8258
52,52,1,1,8157.3256
67,38,0,6,8152
66,39,0,6.5185184,8262
65,40,0,6,8358.598
64,41,0,5.478261,8431.6925
63,42,0,4.952381,8494.863
62,43,0,4.4210525,8534.6074
61,44,0,3.8823528,8561.9016
60,45,0,3.3333333,8572.7053
59,46,0,2.7692308,8570.6509
58,47,0,2.1818182,8550.3708
57,48,0,1.5555556,8516.8532
56,49,0,0.85714287,8464.7045
55,50,0,0,8397.229
54,51,0,0.8,8300.9923
53,52,0,1.2,8186.8368
68,38,1,5.8333335,8114
67,39,-1,6.3461537,8215
66,40,1,6.1538463,8330
65,41,-1,5.625,8393.2657
64,42,1,5.090909,8479.5202
63,43,-1,4.55,8506.557
62,44,1,4,8560.9406
61,45,-1,3.4375,8553.9317
60,46,1,2.857143,8579.9934
59,47,-1,2.25,8544.6397
58,48,1,1.6,8539.0492
57,49,-1,0.875,8470.1213
56,50,1,0,8432.0383
55,51,-1,0.8333333,8322.0124
54,52,1,1.3333334,8236.7682
53,53,-1,1.5,8089
69,38,0,5.652174,8057
68,39,0,6.16,8178
67,40,0,6,8284
66,41,0,5.76,8367.0898
65,42,0,5.2173915,8442.219
64,43,0,4.6666665,8492.8979
63,44,0,4.105263,8533.3676
62,45,0,3.5294118,8554.104
61,46,0,2.9333334,8560.8946
60,47,0,2.3076923,8553.9012
59,48,0,1.6363636,8533.3524
58,49,0,0.8888889,8494.0439
57,50,0,0,8439.4946
56,51,0,0.85714287,8358.7344
55,52,0,1.4285715,8258
54,53,0,1.7142857,8146
69,39,-1,5.9583335,8129
68,40,1,5.8333335,8253
67,41,-1,5.625,8325.6604
66,42,1,5.3333335,8422.1581
65,43,-1,4.7727275,8462.8172
64,44,1,4.2,8527.2267
63,45,-1,3.6111112,8532.6657
62,46,1,3,8567.0241
61,47,-1,2.357143,8542.0262
60,48,1,1.6666666,8550.0196
59,49,-1,0.9,8495.2516
58,50,1,0,8469.0273
57,51,-1,0.875,8372.6666
56,52,1,1.5,8303.7221
55,53,-1,1.875,8176
54,54,1,2,8074.8886
70,39,0,5.7391305,8089
69,40,0,5.652174,8204
68,41,0,5.478261,8297.1307
67,42,0,5.2173915,8381.4163
66,43,0,4.869565,8444.1796
65,44,0,4.285714,8496.228
64,45,0,3.6842105,8528.1404
63,46,0,3.0588236,8544.8825
62,47,0,2.4,8547.9155
61,48,0,1.6923077,8538.7646
60,49,0,0.90909094,8513.1027
59,50,0,0,8470.5183
58,51,0,0.8888889,8404.8161
57,52,0,1.5555556,8319.3305
56,53,0,2,8220.0164
55,54,0,2.2222223,8107.3071
70,40,1,5.4545455,8171
69,41,-1,5.318182,8255.2607
68,42,1,5.090909,8359.293
67,43,-1,4.7727275,8411.2603
66,44,1,4.3636365,8486.3123
65,45,-1,3.75,8504.2551
64,46,1,3.1111112,8547.163
63,47,-1,2.4375,8532.1089
62,48,1,1.7142857,8551.2755
61,49,-1,0.9166667,8508.9087
60,50,1,0,8496.0875
59,51,-1,0.9,8412.6821
58,52,1,1.6,8358.116
57,53,-1,2.1,8244.0767
56,54,1,2.4,8159.2808
71,40,0,5.2380953,8118
70,41,0,5.142857,8223
69,42,0,4.952381,8315.2932
68,43,0,4.6666665,8390.0906
67,44,0,4.285714,8452.9582
66,45,0,3.8095238,8495.6267
65,46,0,3.1578948,8521.7498
64,47,0,2.4705882,8534.7878
63,48,0,1.7333333,8537.0801
62,49,0,0.9230769,8522.2824
61,50,0,0,8493.131
60,51,0,0.90909094,8440.1203
59,52,0,1.6363636,8367.7635
58,53,0,2.1818182,8282.9343
57,54,0,2.5454545,8182
56,55,0,2.7272727,8070
72,40,1,5,8081
71,41,-1,4.95,8178
70,42,1,4.8,8291
69,43,-1,4.55,8353.6217
68,44,1,4.2,8439.2431
67,45,-1,3.75,8468.8666
66,46,1,3.2,8520.7205
65,47,-1,2.5,8516.0807
64,48,1,1.75,8544.7306
63,49,-1,0.9285714,8514.6674
62,50,1,0,8513.6189
61,51,-1,0.9166667,8443.633
60,52,1,1.6666666,8400.6527
59,53,-1,2.25,8299.8801
58,54,1,2.6666667,8230.0646
57,55,-1,2.9166667,8102
73,40,0,4.736842,8027
72,41,0,4.736842,8143
71,42,0,4.631579,8246
70,43,0,4.4210525,8329.4652
69,44,0,4.105263,8402.6857
68,45,0,3.6842105,8456.8165
67,46,0,3.1578948,8492.5795
66,47,0,2.5263157,8516.066
65,48,0,1.7647059,8526.9874
64,49,0,0.93333334,8522.9297
63,50,0,0,8506.8117
62,51,0,0.9230769,8465.2762
61,52,0,1.6923077,8404.6366
60,53,0,2.3076923,8333.7528
59,54,0,2.7692308,8247.9277
58,55,0,3.0769231,8148.623
57,56,0,3.2307692,8035
73,41,-1,4.5,8097
72,42,1,4.4444447,8219
71,43,-1,4.2777777,8290.2599
70,44,1,4,8385.3351
69,45,-1,3.6111112,8426.6221
68,46,1,3.1111112,8488.0056
67,47,-1,2.5,8493.7786
66,48,1,1.7777778,8531.5135
65,49,-1,0.9375,8511.9742
64,50,1,0,8522.5671
63,51,-1,0.9285714,8462.5191
62,52,1,1.7142857,8432.7885
61,53,-1,2.357143,8344.779
60,54,1,2.857143,8289.2054
59,55,-1,3.2142856,8173.5711
58,56,1,3.4285715,8089.6865
74,41,0,4.2352943,8061
73,42,0,4.2352943,8173
72,43,0,4.117647,8264
71,44,0,3.8823528,8346.814
70,45,0,3.5294118,8410.6538
69,46,0,3.0588236,8457.7342
68,47,0,2.4705882,8490.5553
67,48,0,1.7647059,8510.7252
66,49,0,0.9411765,8516.5472
65,50,0,0,8514.0702
64,51,0,0.93333334,8480.9156
63,52,0,1.7333333,8431.1504
62,53,0,2.4,8374.5651
61,54,0,2.9333334,8300.9704
60,55,0,3.3333333,8216
59,56,0,3.6,8116
75,41,-1,3.9375,8012
74,42,1,4,8143
73,43,-1,3.9375,8223
72,44,1,3.75,8326.884
71,45,-1,3.4375,8377.6123
70,46,1,3,8449.2755
69,47,-1,2.4375,8465.9073
68,48,1,1.75,8512.3511
67,49,-1,0.9375,8501.6177
66,50,1,0,8523.1166
65,51,-1,0.9375,8475.8208
64,52,1,1.75,8455.6435
63,53,-1,2.4375,8381.2858
62,54,1,3,8336.8365
61,55,-1,3.4375,8235
60,56,1,3.75,8162
59,57,-1,3.9375,8032
75,42,0,3.7333333,8096
74,43,0,3.7333333,8195
73,44,0,3.6,8285.5625
72,45,0,3.3333333,8359.2766
71,46,0,2.9333334,8416.9243
70,47,0,2.4,8459.4515
69,48,0,1.7333333,8488.974
68,49,0,0.93333334,8503.8653
67,50,0,0,8509.612
66,51,0,0.9411765,8487.8981
65,52,0,1.7647059,8450.9203
64,53,0,2.4705882,8404.4307
63,54,0,3.0588236,8344.2976
62,55,0,3.5294118,8271.8652
61,56,0,3.8823528,8187.9546
60,57,0,4.117647,8086
76,42,1,3.4285715,8067
75,43,-1,3.5,8153
74,44,1,3.4285715,8263
73,45,-1,3.2142856,8322.8539
72,46,1,2.857143,8405.2197
71,47,-1,2.357143,8433.89
70,48,1,1.7142857,8487.835
69,49,-1,0.9285714,8485.667
68,50,1,0,8516.5341
67,51,-1,0.9375,8478.9156
66,52,1,1.7777778,8469.697
65,53,-1,2.5,8406.1203
64,54,1,3.1111112,8374.9819
63,55,-1,3.6111112,8286.4053
62,56,1,4,8227
61,57,-1,4.2777777,8114
77,42,0,3.0769231,8019
76,43,0,3.2307692,8126
75,44,0,3.2307692,8220
74,45,0,3.0769231,8303.3953
73,46,0,2.7692308,8368.9594
72,47,0,2.3076923,8423.2126
71,48,0,1.6923077,8461.4381
70,49,0,0.9230769,8486.1387
69,50,0,0,8499.4494
68,51,0,0.93333334,8487.9218
67,52,0,1.7647059,8462.0785
66,53,0,2.5263157,8426.8924
65,54,0,3.1578948,8378.442
64,55,0,3.6842105,8317.3347
63,56,0,4.105263,8245.9287
62,57,0,4.4210525,8159
61,58,0,4.631579,8058
77,43,-1,2.9166667,8083
76,44,1,3,8199
75,45,-1,2.9166667,8266
74,46,1,2.6666667,8357.0817
73,47,-1,2.25,8395.3281
72,48,1,1.6666666,8458.024
71,49,-1,0.9166667,8466.2575
70,50,1,0,8504.488
69,51,-1,0.9285714,8475.63
68,52,1,1.75,8476.9857
67,53,-1,2.5,8423.6745
66,54,1,3.2,8404.0322
65,55,-1,3.75,8328.4811
64,56,1,4.2,8280.2949
63,57,-1,4.55,8179
62,58,1,4.8,8108
78,43,0,2.5454545,8054
77,44,0,2.7272727,8156
76,45,0,2.7272727,8245.2397
75,46,0,2.5454545,8320.8584
74,47,0,2.1818182,8382.3306
73,48,0,1.6363636,8430.9972
72,49,0,0.90909094,8463.8767
71,50,0,0,8485.1964
70,51,0,0.9230769,8482.0574
69,52,0,1.7333333,8466.8641
68,53,0,2.4705882,8441.4111
67,54,0,3.1578948,8403.8326
66,55,0,3.8095238,8352.9152
65,56,0,4.285714,8293.9083
64,57,0,4.6666665,8217
63,58,0,4.952381,8132
62,59,0,5.142857,8033
79,43,-1,2.1,8011
78,44,1,2.4,8132
77,45,-1,2.5,8208
76,46,1,2.4,8305.9755
75,47,-1,2.1,8352.7591
74,48,1,1.6,8424.2667
73,49,-1,0.9,8442.1079
72,50,1,0,8487.8968
71,51,-1,0.9166667,8468.3222
70,52,1,1.7142857,8478.1315
69,53,-1,2.4375,8437.0139
68,54,1,3.1111112,8424.6644
67,55,-1,3.75,8359.1515
66,56,1,4.3636365,8323.7567
65,57,-1,4.7727275,8235
64,58,1,5.090909,8174
63,59,-1,5.318182,8060
79,44,0,2,8089
78,45,0,2.2222223,8185
77,46,0,2.2222223,8270.0318
76,47,0,2,8337.9707
75,48,0,1.5555556,8395.3955
74,49,0,0.8888889,8437.9362
73,50,0,0,8467.2313
72,51,0,0.90909094,8472.3196
71,52,0,1.6923077,8465.537
70,53,0,2.4,8449.1896
69,54,0,3.0588236,8420.9239
68,55,0,3.6842105,8380.3796
67,56,0,4.285714,8330.2086
66,57,0,4.869565,8267
65,58,0,5.2173915,8193
64,59,0,5.478261,8104
80,44,1,1.5,8065
79,45,-1,1.875,8148
78,46,1,2,8252
77,47,-1,1.875,8308.8958
76,48,1,1.5,8387.0179
75,49,-1,0.875,8414.3243
74,50,1,0,8467.3997
73,51,-1,0.9,8456.1517
72,52,1,1.6666666,8473.2705
71,53,-1,2.357143,8441.4807
70,54,1,3,8437.6138
69,55,-1,3.6111112,8383.5114
68,56,1,4.2,8355.8209
67,57,-1,4.7727275,8278.2926
66,58,1,5.3333335,8229
65,59,-1,5.625,8128
64,60,1,5.8333335,8054
81,44,0,0.85714287,8023
80,45,0,1.4285715,8124
79,46,0,1.7142857,8215
78,47,0,1.7142857,8293.3151
77,48,0,1.4285715,8357.6815
76,49,0,0.85714287,8407.9365
75,50,0,0,8445.5285
74,51,0,0.8888889,8458.1612
73,52,0,1.6363636,8458.0361
72,53,0,2.3076923,8450.2911
71,54,0,2.9333334,8430.939
70,55,0,3.5294118,8399.8033
69,56,0,4.105263,8358.1784
68,57,0,4.6666665,8304.6438
67,58,0,5.2173915,8242
66,59,0,5.76,8167
65,60,0,6,8080
81,45,-1,0.8333333,8087
80,46,1,1.3333334,8197
79,47,-1,1.5,8261
78,48,1,1.3333334,8346.7393
77,49,-1,0.8333333,8384.6067
76,50,1,0,8443.5227
75,51,-1,0.875,8440.3136
74,52,1,1.6,8463.2397
73,53,-1,2.25,8439.9379
72,54,1,2.857143,8443.5375
71,55,-1,3.4375,8399.2673
70,56,1,4,8379.7187
69,57,-1,4.55,8312.4268
68,58,1,5.090909,8273.2581
67,59,-1,5.625,8184
66,60,1,6.1538463,8122
65,61,-1,6.3461537,8008
82,45,0,0,8060
81,46,0,0.8,8160
80,47,0,1.2,8244
79,48,0,1.2,8316.8971
78,49,0,0.8,8374.8212
77,50,0,0,8420.5482
76,51,0,0.85714287,8439.811
75,52,0,1.5555556,8446.109
74,53,0,2.1818182,8445.482
73,54,0,2.7692308,8434.1066
72,55,0,3.3333333,8411.5617
71,56,0,3.8823528,8378.456
70,57,0,4.4210525,8333.5412
69,58,0,4.952381,8280.7922
68,59,0,5.478261,8216
67,60,0,6,8142
66,61,0,6.5185184,8052
83,45,-1,0.8333333,8010
82,46,1,0,8137
81,47,-1,0.75,8211
80,48,1,1,8303.2367
79,49,-1,0.75,8351.4361
78,50,1,0,8416.9749
77,51,-1,0.8333333,8420.7724
76,52,1,1.5,8448.7536
75,53,-1,2.1,8432.8309
74,54,1,2.6666667,8443.3008
73,55,-1,3.2142856,8406.4953
72,56,1,3.75,8395.9878
71,57,-1,4.2777777,8337.1904
70,58,1,4.8,8306.9259
69,59,-1,5.318182,8228.9141
68,60,1,5.8333335,8177
67,61,-1,6.3461537,8075
66,62,1,6.857143,7998
83,46,0,0.8,8086
82,47,0,0,8188
81,48,0,0.6666667,8269.5311
80,49,0,0.6666667,8338.759
79,50,0,0,8392.8161
78,51,0,0.8,8418.0598
77,52,0,1.4285715,8430.4098
76,53,0,2,8435.9908
75,54,0,2.5454545,8431.3904
74,55,0,3.0769231,8416.0465
73,56,0,3.6,8391.0811
72,57,0,4.117647,8356.0449
71,58,0,4.631579,8310.9411
70,59,0,5.142857,8254.3808
69,60,0,5.652174,8191
68,61,0,6.16,8114
67,62,0,6.6666665,8023
84,46,1,1.3333334,8046
83,47,-1,0.75,8142
82,48,1,0,8252.5868
81,49,-1,0.5,8314.176
80,50,1,0,8386.817
79,51,-1,0.75,8397.3641
78,52,1,1.3333334,8430.3251
77,53,-1,1.875,8421.1011
76,54,1,2.4,8437.7314
75,55,-1,2.9166667,8408.7848
74,56,1,3.4285715,8405.513
73,57,-1,3.9375,8356.1919
72,58,1,4.4444447,8333.2164
71,59,-1,4.95,8263.7565
70,60,1,5.4545455,8222.5136
69,61,-1,5.9583335,8131
68,62,1,6.4615383,8065
67,63,-1,6.964286,7950
85,46,0,1.7142857,7993
84,47,0,1.2,8102
83,48,0,0.6666667,8206.1204
82,49,0,0,8297.9544
81,50,0,0,8362.5183
80,51,0,0.6666667,8392.5525
79,52,0,1.2,8411.2339
78,53,0,1.7142857,8422.2977
77,54,0,2.2222223,8423.7367
76,55,0,2.7272727,8415.0317
75,56,0,3.2307692,8398.5511
74,57,0,3.7333333,8370.3676
73,58,0,4.2352943,8333.3969
72,59,0,4.736842,8286.1439
71,60,0,5.2380953,8230.3045
70,61,0,5.7391305,8163
69,62,0,6.24,8085
68,63,0,6.740741,7996
85,47,-1,1.5,8053
84,48,1,1,8169.1421
83,49,-1,0.5,8253.7162
82,50,1,0,8354.8726
81,51,-1,0.5,8372.3452
80,52,1,1,8408.4859
79,53,-1,1.5,8406.4628
78,54,1,2,8427.6229
77,55,-1,2.5,8405.5878
76,56,1,3,8409.3747
75,57,-1,3.5,8367.7559
74,58,1,4,8352.3223
73,59,-1,4.5,8291.5377
72,60,1,5,8256.8104
71,61,-1,5.5,8177
70,62,1,6,8122
69,63,-1,6.5,8018
86,47,0,1.7142857,8013
85,48,0,1.2,8121
84,49,0,0.6666667,8217
83,50,0,0,8310.089
82,51,0,0,8364.7302
81,52,0,0.6666667,8389.0255
80,53,0,1.2,8405.0993
79,54,0,1.7142857,8412.6477
78,55,0,2.2222223,8409.9786
77,56,0,2.7272727,8400.2059
76,57,0,3.2307692,8378.8415
75,58,0,3.7333333,8349.8301
74,59,0,4.2352943,8310.2588
73,60,0,4.736842,8262.232
72,61,0,5.2380953,8204.2841
71,62,0,5.7391305,8137
70,63,0,6.24,8056
69,64,0,6.740741,7966
86,48,1,1.3333334,8086
85,49,-1,0.75,8173
84,50,1,0,8275.1719
83,51,-1,0.5,8325.9398
82,52,1,0,8383.6442
81,53,-1,0.75,8389.0722
80,54,1,1.3333334,8413.6994
79,55,-1,1.875,8398.647
78,56,1,2.4,8408.1731
77,57,-1,2.9166667,8374.4888
76,58,1,3.4285715,8365.7716
75,59,-1,3.9375,8312.8817
74,60,1,4.4444447,8285.5391
73,61,-1,4.95,8213.4131
72,62,1,5.4545455,8167
71,63,-1,5.9583335,8075
70,64,1,6.4615383,8008
87,48,0,1.4285715,8036
86,49,0,0.8,8136
85,50,0,0,8230.6877
84,51,0,0.6666667,8291.9894
83,52,0,0.6666667,8345.7384
82,53,0,0,8384.7609
81,54,0,0.8,8398.4783
80,55,0,1.4285715,8401.3393
79,56,0,2,8397.5345
78,57,0,2.5454545,8382.7972
77,58,0,3.0769231,8361.9861
76,59,0,3.6,8328.9284
75,60,0,4.117647,8288.1536
74,61,0,4.631579,8236.7933
73,62,0,5.142857,8177.627
72,63,0,5.652174,8107
71,64,0,6.16,8028
70,65,0,6.6666665,7939
87,49,-1,0.8333333,8091
86,50,1,0,8197
85,51,-1,0.75,8252.2533
84,52,1,1,8319.4301
83,53,-1,0.75,8351.3242
82,54,1,0,8396.1889
81,55,-1,0.8333333,8389.7723
80,56,1,1.5,8402.7566
79,57,-1,2.1,8376.0512
78,58,1,2.6666667,8373.7624
77,59,-1,3.2142856,8330.0089
76,60,1,3.75,8308.5127
75,61,-1,4.2777777,8243.7207
74,62,1,4.8,8205.9165
73,63,-1,5.318182,8122
72,64,1,5.8333335,8064
71,65,-1,6.3461537,7961
88,49,0,0.85714287,8053
87,50,0,0,8152
86,51,0,0.8,8218.4764
85,52,0,1.2,8280.2357
84,53,0,1.2,8326.0033
83,54,0,0.8,8364.2865
82,55,0,0,8388.9581
81,56,0,0.85714287,8391.8288
80,57,0,1.5555556,8381.8807
79,58,0,2.1818182,8367.2497
78,59,0,2.7692308,8341.7074
77,60,0,3.3333333,8309.5892
76,61,0,3.8823528,8263.6516
75,62,0,4.4210525,8213.5527
74,63,0,4.952381,8150.5738
73,64,0,5.478261,8080
72,65,0,6,7999
88,50,1,0,8118
87,51,-1,0.8333333,8178
86,52,1,1.3333334,8252.5786
85,53,-1,1.5,8292.445
84,54,1,1.3333334,8344.6913
83,55,-1,0.8333333,8360.1437
82,56,1,0,8393.4222
81,57,-1,0.875,8375.0835
80,58,1,1.6,8377.0408
79,59,-1,2.25,8339.2195
78,60,1,2.857143,8325.4946
77,61,-1,3.4375,8268.3558
76,62,1,4,8237.9286
75,63,-1,4.55,8161.6211
74,64,1,5.090909,8112
73,65,-1,5.625,8019
72,66,1,6.1538463,7950
89,50,0,0,8073
88,51,0,0.85714287,8144
87,52,0,1.4285715,8211.7716
86,53,0,1.7142857,8265.61
85,54,0,1.7142857,8311.5904
84,55,0,1.4285715,8342.3397
83,56,0,0.85714287,8367.0194
82,57,0,0,8377.9987
81,58,0,0.8888889,8370.4664
80,59,0,1.6363636,8349.5208
79,60,0,2.3076923,8323.6642
78,61,0,2.9333334,8285.5473
77,62,0,3.5294118,8243.0786
76,63,0,4.105263,8187.2187
75,64,0,4.6666665,8126
74,65,0,5.2173915,8052
73,66,0,5.76,7971
90,50,1,0,8038
89,51,-1,0.875,8103
88,52,1,1.5,8183.3567
87,53,-1,1.875,8229.474
86,54,1,2,8290.8875
85,55,-1,1.875,8314.3227
84,56,1,1.5,8353.15
83,57,-1,0.875,8355.0201
82,58,1,0,8376.3045
81,59,-1,0.9,8346.5163
80,60,1,1.6666666,8337.864
79,61,-1,2.357143,8289.0958
78,62,1,3,8263.8211
77,63,-1,3.6111112,8197.733
76,64,1,4.2,8154.9757
75,65,-1,4.7727275,8068.6732
74,66,1,5.3333335,8008
73,67,-1,5.625,7906
90,51,0,0.8888889,8069
89,52,0,1.5555556,8142
88,53,0,2,8202.2562
87,54,0,2.2222223,8255.3647
86,55,0,2.2222223,8294.3554
85,56,0,2,8326.0774
84,57,0,1.5555556,8343.205
83,58,0,0.8888889,8355.3956
82,59,0,0,8353.9852
81,60,0,0.90909094,8335.5074
80,61,0,1.6923077,8303.9405
79,62,0,2.4,8265.846
78,63,0,3.0588236,8217.6853
77,64,0,3.6842105,8164.609
76,65,0,4.285714,8097.4761
75,66,0,4.869565,8027
74,67,0,5.2173915,7943
91,51,-1,0.9,8027
90,52,1,1.6,8113
89,53,-1,2.1,8165.2517
88,54,1,2.4,8233.1695
87,55,-1,2.5,8264.8777
86,56,1,2.4,8310.9718
85,57,-1,2.1,8320.8263
84,58,1,1.6,8347.07
83,59,-1,0.9,8336.3032
82,60,1,0,8346.031
81,61,-1,0.9166667,8306.6587
80,62,1,1.7142857,8285.9407
79,63,-1,2.4375,8226.396
78,64,1,3.1111112,8190.2569
77,65,-1,3.75,8111.508
76,66,1,4.3636365,8061
75,67,-1,4.7727275,7965
74,68,1,5.090909,7893
91,52,0,1.6363636,8070
90,53,0,2.1818182,8137
89,54,0,2.5454545,8196.8855
88,55,0,2.7272727,8243.6707
87,56,0,2.7272727,8281.9878
86,57,0,2.5454545,8306.1271
85,58,0,2.1818182,8324.6765
84,59,0,1.6363636,8329.428
83,60,0,0.90909094,8330.4893
82,61,0,0,8317.7341
81,62,0,0.9230769,8288.1825
80,63,0,1.7333333,8245.8177
79,64,0,2.4705882,8198.3188
78,65,0,3.1578948,8138.2176
77,66,0,3.8095238,8075.0527
76,67,0,4.285714,7999
75,68,0,4.6666665,7917
92,52,1,1.6666666,8040
91,53,-1,2.25,8098
90,54,1,2.6666667,8172.8845
89,55,-1,2.9166667,8211.8894
88,56,1,3,8265.4549
87,57,-1,2.9166667,8281.4283
86,58,1,2.6666667,8314.7612
85,59,-1,2.25,8311.5411
84,60,1,1.6666666,8326.9237
83,61,-1,0.9166667,8305.2969
82,62,1,0,8303.68
81,63,-1,0.9285714,8254.1744
80,64,1,1.75,8221.9382
79,65,-1,2.5,8151.2877
78,66,1,3.2,8105.5902
77,67,-1,3.75,8017.0977
76,68,1,4.2,7956
75,69,-1,4.55,7850
93,52,0,1.6923077,7998
92,53,0,2.3076923,8069
91,54,0,2.7692308,8135.0877
90,55,0,3.0769231,8188.7342
89,56,0,3.2307692,8234.7991
88,57,0,3.2307692,8266.0873
87,58,0,3.0769231,8289.8762
86,59,0,2.7692308,8302.1285
85,60,0,2.3076923,8309.1883
84,61,0,1.6923077,8302.6583
83,62,0,0.9230769,8293.0139
82,63,0,0,8269.2744
81,64,0,0.93333334,8228.9485
80,65,0,1.7647059,8178.5397
79,66,0,2.5263157,8116.8884
78,67,0,3.1578948,8048.5792
77,68,0,3.6842105,7975
76,69,0,4.105263,7889
93,53,-1,2.357143,8031
92,54,1,2.857143,8110.4154
91,55,-1,3.2142856,8155.4365
90,56,1,3.4285715,8215.5293
89,57,-1,3.5,8239.9988
88,58,1,3.4285715,8278.5081
87,59,-1,3.2142856,8280.325
86,60,1,2.857143,8304.0927
85,61,-1,2.357143,8288.655
84,62,1,1.7142857,8293.8581
83,63,-1,0.9285714,8261.9327
82,64,1,0,8249.5072
81,65,-1,0.9375,8187.1474
80,66,1,1.7777778,8146.1128
79,67,-1,2.5,8063.2426
78,68,1,3.1111112,8010.5127
77,69,-1,3.6111112,7914
94,53,0,2.4,8001
93,54,0,2.9333334,8072
92,55,0,3.3333333,8131.801
91,56,0,3.6,8183.2405
90,57,0,3.7333333,8221.5536
89,58,0,3.7333333,8252.5274
88,59,0,3.6,8270.54
87,60,0,3.3333333,8283.6036
86,61,0,2.9333334,8284.3712
85,62,0,2.4,8280.5734
84,63,0,1.7333333,8263.5409
83,64,0,0.93333334,8243.3366
82,65,0,0,8206.625
81,66,0,0.9411765,8156.768
80,67,0,1.7647059,8094.0381
79,68,0,2.4705882,8026.476
78,69,0,3.0588236,7948.8178
94,54,1,3,8047
93,55,-1,3.4375,8097.5469
92,56,1,3.75,8164.1118
91,57,-1,3.9375,8193.7165
90,58,1,4,8240.3876
89,59,-1,3.9375,8249.5409
88,60,1,3.75,8277.1778
87,61,-1,3.4375,8268.2283
86,62,1,3,8279.6326
85,63,-1,2.4375,8253.8155
84,64,1,1.75,8248.3398
83,65,-1,0.9375,8204.3207
82,66,1,0,8180.943
81,67,-1,0.9375,8108.9797
80,68,1,1.75,8059.6924
79,69,-1,2.4375,7968.5011
78,70,1,3,7906
95,54,0,3.0588236,8009
94,55,0,3.5294118,8073
93,56,0,3.8823528,8131.8495
92,57,0,4.117647,8176.1915
91,58,0,4.2352943,8214.2294
90,59,0,4.2352943,8238.304
89,60,0,4.117647,8255.4437
88,61,0,3.8823528,8261.5277
87,62,0,3.5294118,8263.4683
86,63,0,3.0588236,8253.556
85,64,0,2.4705882,8239.4856
84,65,0,1.7647059,8209.8153
83,66,0,0.9411765,8179.0972
82,67,0,0,8133.255
81,68,0,0.93333334,8074.9558
80,69,0,1.7333333,8004
79,70,0,2.4,7927
96,54,1,3.1111112,7983
95,55,-1,3.6111112,8039
94,56,1,4,8111.8405
93,57,-1,4.2777777,8149.4339
92,58,1,4.4444447,8201.123
91,59,-1,4.5,8218.9316
90,60,1,4.4444447,8249.5789
89,61,-1,4.2777777,8243.8125
88,62,1,4,8261.6235
87,63,-1,3.6111112,8241.3481
86,64,1,3.1111112,8242.6103
85,65,-1,2.5,8206.3396
84,66,1,1.7777778,8189.1495
83,67,-1,0.9375,8134.8423
82,68,1,0,8102.1962
81,69,-1,0.9285714,8021
80,70,1,1.7142857,7965
79,71,-1,2.357143,7866
96,55,0,3.6842105,8013
95,56,0,4.105263,8079
94,57,0,4.4210525,8129.0436
93,58,0,4.631579,8176.2779
92,59,0,4.736842,8207.8824
91,60,0,4.736842,8230.2741
90,61,0,4.631579,8241.2723
89,62,0,4.4210525,8243.9735
88,63,0,4.105263,8239.2998
87,64,0,3.6842105,8231.0446
86,65,0,3.1578948,8208.8743
85,66,0,2.5263157,8184.6789
84,67,0,1.7647059,8145.5267
83,68,0,0.93333334,8104.8723
82,69,0,0,8050.0576
81,70,0,0.9230769,7983.7556
80,71,0,1.6923077,7904
97,55,-1,3.75,7980
96,56,1,4.2,8057
95,57,-1,4.55,8102
94,58,1,4.8,8161
93,59,-1,4.95,8187.1049
92,60,1,5,8224.0078
91,61,-1,4.95,8226.1293
90,62,1,4.8,8244.0645
89,63,-1,4.55,8226.5854
88,64,1,4.2,8233.4042
87,65,-1,3.75,8202.0072
86,66,1,3.2,8192.9171
85,67,-1,2.5,8144.9193
84,68,1,1.75,8119.3485
83,69,-1,0.9285714,8056.4387
82,70,1,0,8015.4371
81,71,-1,0.9166667,7926
97,56,0,4.285714,8023
96,57,0,4.6666665,8081
95,58,0,4.952381,8134
94,59,0,5.142857,8172.0371
93,60,0,5.2380953,8204.5832
92,61,0,5.2380953,8221.1536
91,62,0,5.142857,8228.5373
90,63,0,4.952381,8228.7011
89,64,0,4.6666665,8220.4209
88,65,0,4.285714,8205.0504
87,66,0,3.8095238,8185.7514
86,67,0,3.1578948,8153.6372
85,68,0,2.4705882,8118.8154
84,69,0,1.7333333,8071.2571
83,70,0,0.9230769,8022
82,71,0,0,7959.0882
81,72,0,0.90909094,7882
98,56,1,4.3636365,8001
97,57,-1,4.7727275,8051
96,58,1,5.090909,8116
95,59,-1,5.318182,8147.2994
94,60,1,5.4545455,8192.3491
93,61,-1,5.5,8204.717
92,62,1,5.4545455,8226.8379
91,63,-1,5.318182,8217.1006
90,64,1,5.090909,8224.7996
89,65,-1,4.7727275,8196.6697
88,66,1,4.3636365,8193.1305
87,67,-1,3.75,8150.6825
86,68,1,3.1111112,8132.3919
85,69,-1,2.4375,8074.209
84,70,1,1.7142857,8039.9402
83,71,-1,0.9166667,7968
82,72,1,0,7918
98,57,0,4.869565,8028
97,58,0,5.2173915,8087
96,59,0,5.478261,8131.0398
95,60,0,5.652174,8170.305
94,61,0,5.7391305,8195.2977
93,62,0,5.7391305,8211.2258
92,63,0,5.652174,8216.676
91,64,0,5.478261,8213.2541
90,65,0,5.2173915,8202.9173
89,66,0,4.869565,8184.357
88,67,0,4.285714,8159.2055
87,68,0,3.6842105,8129.4444
86,69,0,3.0588236,8088.376
85,70,0,2.4,8043.8234
84,71,0,1.6923077,7987.4369
83,72,0,0.90909094,7929
82,73,0,0,7858
99,57,-1,4.9583335,7997
98,58,1,5.3333335,8068
97,59,-1,5.625,8105.2337
96,60,1,5.8333335,8156.3265
95,61,-1,5.9583335,8176.7263
94,62,1,6,8205.0054
93,63,-1,5.9583335,8204.6192
92,64,1,5.8333335,8215.3253
91,65,-1,5.625,8194.6415
90,66,1,5.3333335,8192.4366
89,67,-1,4.7727275,8155.428
88,68,1,4.2,8141.9084
87,69,-1,3.6111112,8089.6032
86,70,1,3,8061.7107
85,71,-1,2.357143,7995.3752
84,72,1,1.6666666,7952.6676
83,73,-1,0.9,7872
100,57,0,5.04,7972
99,58,0,5.44,8037
98,59,0,5.76,8085.817
97,60,0,6,8132.1671
96,61,0,6.16,8164.1458
95,62,0,6.24,8187.0642
94,63,0,6.24,8199.7975
93,64,0,6.16,8203.5072
92,65,0,6,8198.1416
91,66,0,5.76,8184.6287
90,67,0,5.2173915,8163.1373
89,68,0,4.6666665,8136.3757
88,69,0,4.105263,8101.4285
87,70,0,3.5294118,8062.7551
86,71,0,2.9333334,8013.3128
85,72,0,2.3076923,7960
84,73,0,1.6363636,7896.0608
83,74,0,0.8888889,7828
100,58,1,5.5384617,8015
99,59,-1,5.8846154,8059
98,60,1,6.1538463,8114.9529
97,61,-1,6.3461537,8143.3622
96,62,1,6.4615383,8177.3075
95,63,-1,6.5,8185.132
94,64,1,6.4615383,8201.8229
93,65,-1,6.3461537,8189.1556
92,66,1,6.1538463,8190.1298
91,67,-1,5.625,8158.4709
90,68,1,5.090909,8147.927
89,69,-1,4.55,8101.1994
88,70,1,4,8079.1999
87,71,-1,3.4375,8018.5685
86,72,1,2.857143,7981.2764
85,73,-1,2.25,7907
84,74,1,1.6,7855
101,58,0,5.6296296,7983
100,59,0,6,8037
99,60,0,6.296296,8088.8224
98,61,0,6.5185184,8126.8601
97,62,0,6.6666665,8157.4963
96,63,0,6.740741,8176.6987
95,64,0,6.740741,8187.6177
94,65,0,6.6666665,8188.8025
93,66,0,6.5185184,8181.5842
92,67,0,6,8165.1066
91,68,0,5.478261,8142.7742
90,69,0,4.952381,8112.7549
89,70,0,4.4210525,8078.0428
88,71,0,3.8823528,8034.6009
87,72,0,3.3333333,7986.561
86,73,0,2.7692308,7928.7258
85,74,0,2.1818182,7867
84,75,0,1.5555556,7795
101,59,-1,6.107143,8009
100,60,1,6.428571,8069.9662
99,61,-1,6.678571,8103.6398
98,62,1,6.857143,8144.6159
97,63,-1,6.964286,8160.103
96,64,1,7,8183.0171
95,65,-1,6.964286,8177.4676
94,66,1,6.857143,8184.0526
93,67,-1,6.3461537,8158.6004
92,68,1,5.8333335,8151.7217
91,69,-1,5.318182,8110.8124
90,70,1,4.8,8092.5614
89,71,-1,4.2777777,8038.3387
88,72,1,3.75,8006.3791
87,73,-1,3.2142856,7938.2704
86,74,1,2.6666667,7892.7893
85,75,-1,2.1,7810
102,59,0,6.206897,7986
101,60,0,6.551724,8042
100,61,0,6.827586,8085.9977
99,62,0,7.034483,8122.0418
98,63,0,7.172414,8148.981
97,64,0,7.2413793,8167.1934
96,65,0,7.2413793,8174.4809
95,66,0,7.172414,8173.3093
94,67,0,6.6666665,8163.1134
93,68,0,6.16,8145.8628
92,69,0,5.652174,8120.4906
91,70,0,5.142857,8090.3861
90,71,0,4.631579,8052.7821
89,72,0,4.117647,8009.1245
88,73,0,3.6,7957.45
87,74,0,3.0769231,7901
86,75,0,2.5454545,7836.3292
85,76,0,2,7765
102,60,1,6.6666665,8022
101,61,-1,6.9666667,8061
100,62,1,7.2,8107.5745
99,63,-1,7.366667,8129.5593
98,64,1,7.4666667,8159.0373
97,65,-1,7.5,8164.0773
96,66,1,7.4666667,8173.4555
95,67,-1,6.964286,8155.4126
94,68,1,6.4615383,8152.3959
93,69,-1,5.9583335,8117.5868
92,70,1,5.4545455,8102.5333
91,71,-1,4.95,8054.5596
90,72,1,4.4444447,8027.1171
89,73,-1,3.9375,7964.3432
88,74,1,3.4285715,7923.8214
87,75,-1,2.9166667,7848
86,76,1,2.4,7794
103,60,0,6.774194,7992
102,61,0,7.096774,8042
101,62,0,7.354839,8084.1653
100,63,0,7.548387,8116.0172
99,64,0,7.677419,8140.756
98,65,0,7.7419353,8155.6322
97,66,0,7.7419353,8161.784
96,67,0,7.2413793,8156.967
95,68,0,6.740741,8144.7403
94,69,0,6.24,8124.9774
93,70,0,5.7391305,8099.1069
92,71,0,5.2380953,8066.6848
91,72,0,4.736842,8028.0072
90,73,0,4.2352943,7981.8905
89,74,0,3.7333333,7930.3043
88,75,0,3.2307692,7870.8655
87,76,0,2.7272727,7807
86,77,0,2.2222223,7734
103,61,-1,7.21875,8014
102,62,1,7.5,8067.7803
101,63,-1,7.71875,8095.3686
100,64,1,7.875,8129.9978
99,65,-1,7.96875,8139.9304
98,66,1,8,8158.7129
97,67,-1,7.5,8147.9234
96,68,1,7,8149.0191
95,69,-1,6.5,8119.6534
94,70,1,6,8109.4149
93,71,-1,5.5,8065.8043
92,72,1,5,8043.8142
91,73,-1,4.5,7986.9978
90,74,1,4,7951.4515
89,75,-1,3.5,7881.0523
88,76,1,3,7833.308
87,77,-1,2.5,7750
104,61,0,7.3333335,7992
103,62,0,7.6363635,8041
102,63,0,7.878788,8080.0529
101,64,0,8.060606,8110.4428
100,65,0,8.181818,8130.3259
99,66,0,8.242424,8143.9083
98,67,0,7.7419353,8146.9591
97,68,0,7.2413793,8139.9348
96,69,0,6.740741,8125.5489
95,70,0,6.24,8104.8399
94,71,0,5.7391305,8076.746
93,72,0,5.2380953,8042.8728
92,73,0,4.736842,8003.0547
91,74,0,4.2352943,7955.9704
90,75,0,3.7333333,7901.5201
89,76,0,3.2307692,7843
88,77,0,2.7272727,7776
87,78,0,2.2222223,7703
104,62,1,7.7647057,8023
103,63,-1,8.029411,8056
102,64,1,8.235294,8097.226
101,65,-1,8.382353,8113.223
100,66,1,8.470589,8137.2793
99,67,-1,7.96875,8135.4933
98,68,1,7.4666667,8141.9479
97,69,-1,6.964286,8118.9357
96,70,1,6.4615383,8112.4591
95,71,-1,5.9583335,8074.1756
94,72,1,5.4545455,8056.4386
93,73,-1,4.95,8004.9714
92,74,1,4.4444447,7974.8951
91,75,-1,3.9375,7909.6392
90,76,1,3.4285715,7866.3371
89,77,-1,2.9166667,7789
88,78,1,2.4,7733
105,62,0,7.885714,7992
104,63,0,8.171429,8038
103,64,0,8.4,8075.5428
102,65,0,8.571428,8101.441
101,66,0,8.685715,8120.8782
100,67,0,8.181818,8130.3732
99,68,0,7.677419,8131.7352
98,69,0,7.172414,8122.5826
97,70,0,6.6666665,8106.202
96,71,0,6.16,8083.1722
95,72,0,5.652174,8054.185
94,73,0,5.142857,8018.8614
93,74,0,4.631579,7976.7045
92,75,0,4.117647,7929
91,76,0,3.6,7873.9557
90,77,0,3.0769231,7812.8254
89,78,0,2.5454545,7746
106,62,1,8,7971
105,63,-1,8.305555,8012
104,64,1,8.555555,8060
103,65,-1,8.75,8082.798
102,66,1,8.888889,8112.5293
101,67,-1,8.382353,8116.8061
100,68,1,7.875,8129.5897
99,69,-1,7.366667,8114.9516
98,70,1,6.857143,8111.887
97,71,-1,6.3461537,8080.4026
96,72,1,5.8333335,8065.5536
95,73,-1,5.318182,8019.4287
94,74,1,4.8,7993.9327
93,75,-1,4.2777777,7935.1208
92,76,1,3.75,7895.9408
91,77,-1,3.2142856,7823.8509
90,78,1,2.6666667,7773.6217
89,79,-1,2.1,7688
106,63,0,8.432432,7991
105,64,0,8.7027025,8035
104,65,0,8.918919,8069
103,66,0,9.081081,8094.7566
102,67,0,8.571428,8109.0622
101,68,0,8.060606,8117.0078
100,69,0,7.548387,8114.4702
99,70,0,7.034483,8104.5206
98,71,0,6.5185184,8086.3233
97,72,0,6,8061.7791
96,73,0,5.478261,8030.9577
95,74,0,4.952381,7994.5381
94,75,0,4.4210525,7951.3963
93,76,0,3.8823528,7901.2862
92,77,0,3.3333333,7845.5944
91,78,0,2.7692308,7784
90,79,0,2.1818182,7716
107,63,-1,8.552631,7963
106,64,1,8.842105,8017
105,65,-1,9.078947,8047
104,66,1,9.263158,8084
103,67,-1,8.75,8093.7902
102,68,1,8.235294,8111.9529
101,69,-1,7.71875,8105.5144
100,70,1,7.2,8106.6101
99,71,-1,6.678571,8081.6686
98,72,1,6.1538463,8070.8762
97,73,-1,5.625,8030.2965
96,74,1,5.090909,8008.9482
95,75,-1,4.55,7955.012
94,76,1,4,7921.1258
93,77,-1,3.4375,7853
92,78,1,2.857143,7808.2365
91,79,-1,2.25,7730
90,80,1,1.6,7671
107,64,0,8.974359,7990
106,65,0,9.230769,8030
105,66,0,9.435898,8062
104,67,0,8.918919,8083.6021
103,68,0,8.4,8097.7404
102,69,0,7.878788,8101.8931
101,70,0,7.354839,8097.8826
100,71,0,6.827586,8084.6621
99,72,0,6.296296,8066.0687
98,73,0,5.76,8039.7914
97,74,0,5.2173915,8008.1158
96,75,0,4.6666665,7969.4131
95,76,0,4.105263,7924.1769
94,77,0,3.5294118,7873.4895
93,78,0,2.9333334,7816.6017
92,79,0,2.3076923,7754.1069
91,80,0,1.6363636,7686
108,64,1,9.1,7972
107,65,-1,9.375,8006
106,66,1,9.6,8049
105,67,-1,9.078947,8066
104,68,1,8.555555,8090.4052
103,69,-1,8.029411,8091.0367
102,70,1,7.5,8097.4295
101,71,-1,6.9666667,8078.2334
100,72,1,6.428571,8071.7439
99,73,-1,5.8846154,8037.7056
98,74,1,5.3333335,8020.1757
97,75,-1,4.7727275,7971.846
96,76,1,4.2,7942.1626
95,77,-1,3.6111112,7880.2637
94,78,1,3,7839.246
93,79,-1,2.357143,7766.1587
92,80,1,1.6666666,7713.6064
108,65,0,9.512196,7988
107,66,0,9.756098,8026
106,67,0,9.230769,8054
105,68,0,8.7027025,8074
104,69,0,8.171429,8084.4633
103,70,0,7.6363635,8087.4276
102,71,0,7.096774,8079.0312
101,72,0,6.551724,8066.0164
100,73,0,6,8044.065
99,74,0,5.44,8018.3337
98,75,0,4.869565,7983.9068
97,76,0,4.285714,7944.0341
96,77,0,3.6842105,7898.068
95,78,0,3.0588236,7845.3856
94,79,0,2.4,7788.2348
93,80,0,1.6923077,7725
109,65,-1,9.642858,7963
108,66,1,9.904762,8011
107,67,-1,9.375,8034
106,68,1,8.842105,8064
105,69,-1,8.305555,8070.6432
104,70,1,7.7647057,8083.8481
103,71,-1,7.21875,8071.454
102,72,1,6.6666665,8068.5341
101,73,-1,6.107143,8040.4528
100,74,1,5.5384617,8027.2572
99,75,-1,4.9583335,7985.0944
98,76,1,4.3636365,7959.4618
97,77,-1,3.75,7902.0377
96,78,1,3.1111112,7866.1143
95,79,-1,2.4375,7797
94,80,1,1.7142857,7749.7851
109,66,0,10.046512,7986
108,67,0,9.512196,8019
107,68,0,8.974359,8045
106,69,0,8.432432,8061.7673
105,70,0,7.885714,8070.9253
104,71,0,7.3333335,8069.1412
103,72,0,6.774194,8060.7625
102,73,0,6.206897,8044.4456
101,74,0,5.6296296,8024.113
100,75,0,5.04,7994.8168
99,76,0,4.4347825,7960.7294
98,77,0,3.8095238,7917.9112
97,78,0,3.1578948,7869.5216
96,79,0,2.4705882,7817.5939
95,80,0,1.7333333,7759.2134
110,66,1,10.181818,7969
109,67,-1,9.642858,7997
108,68,1,9.1,8034
107,69,-1,8.552631,8045.1214
106,70,1,8,8064.0853
105,71,-1,7.4411764,8059.0209
104,72,1,6.875,8061.3604
103,73,-1,6.3,8038.6706
102,74,1,5.714286,8030.1131
101,75,-1,5.1153846,7993.9707
100,76,1,4.5,7972.8681
99,77,-1,3.8636363,7921.5522
98,78,1,3.2,7888.9934
97,79,-1,2.5,7825.3837
96,80,1,1.75,7782.664
95,81,-1,0.9285714,7707.9383
110,67,0,9.767442,7980
109,68,0,9.219512,8013
108,69,0,8.666667,8035
107,70,0,8.1081085,8049.9741
106,71,0,7.542857,8053.4495
105,72,0,6.969697,8051.8365
104,73,0,6.387097,8040.8289
103,74,0,5.793103,8025.0359
102,75,0,5.185185,8001.2229
101,76,0,4.56,7972.4371
100,77,0,3.9130435,7934.6328
99,78,0,3.2380953,7892.4896
98,79,0,2.5263157,7843.8623
97,80,0,1.7647059,7789.8947
96,81,0,0.93333334,7732.1655
111,67,-1,9.886364,7957
110,68,1,9.333333,7999
109,69,-1,8.775,8017
108,70,1,8.210526,8042.7386
107,71,-1,7.638889,8042.0554
106,72,1,7.0588236,8049.4438
105,73,-1,6.46875,8035
104,74,1,5.866667,8029.2584
103,75,-1,5.25,7998.1576
102,76,1,4.6153846,7981.9128
101,77,-1,3.9583333,7936.563
100,78,1,3.2727273,7908.253
99,79,-1,2.55,7849.3946
98,80,1,1.7777778,7811.3607
97,81,-1,0.9375,7741
96,82,1,0,7690.8359
111,68,0,9.44186,7976
110,69,0,8.878049,8004
109,70,0,8.307693,8026
108,71,0,7.7297297,8035.0744
107,72,0,7.142857,8038.5474
106,73,0,6.5454545,8033.5869
105,74,0,5.935484,8023.2821
104,75,0,5.3103447,8003.7666
103,76,0,4.6666665,7979.4844
102,77,0,4,7947.5248
101,78,0,3.3043478,7910.6759
100,79,0,2.5714285,7865.6374
99,80,0,1.7894737,7816.2631
98,81,0,0.9411765,7763.4942
97,82,0,0,7701.463
112,68,1,9.545455,7960
111,69,-1,8.976191,7983
110,70,1,8.4,8016
109,71,-1,7.8157897,8022.0394
108,72,1,7.2222223,8034.9319
107,73,-1,6.617647,8025.8864
106,74,1,6,8025.4434
105,75,-1,5.366667,7999.9922
104,76,1,4.714286,7987.4171
103,77,-1,4.0384617,7947.6337
102,78,1,3.3333333,7923.5781
101,79,-1,2.590909,7870.3194
100,80,1,1.8,7836.1111
99,81,-1,0.9444444,7771.431
98,82,1,0,7725.6993
112,69,0,9.069767,7969
111,70,0,8.487804,7996
110,71,0,7.8974357,8011.9301
109,72,0,7.2972975,8022.003
108,73,0,6.6857142,8023.405
107,74,0,6.060606,8017.9494
106,75,0,5.419355,8004.1434
105,76,0,4.7586207,7983.4263
104,77,0,4.0740743,7956.5242
103,78,0,3.36,7924.1271
102,79,0,2.6086957,7883.8359
101,80,0,1.8095238,7839.6792
100,81,0,0.94736844,7791.9183
99,82,0,0,7734.0704
113,69,-1,9.159091,7948
112,70,1,8.571428,7984
111,71,-1,7.975,7996
110,72,1,7.368421,8014.8381
109,73,-1,6.75,8012.6332
108,74,1,6.117647,8018.3096
107,75,-1,5.46875,7998.6264
106,76,1,4.8,7989.7287
105,77,-1,4.107143,7954.8948
104,78,1,3.3846154,7934.7541
103,79,-1,2.625,7887.2442
102,80,1,1.8181819,7856.9726
101,81,-1,0.95,7796.3571
100,82,1,0,7756.3296
113,70,0,8.651163,7963
112,71,0,8.04878,7984.8125
111,72,0,7.4358974,8000.0315
110,73,0,6.810811,8006.74
109,74,0,6.1714287,8008.3234
108,75,0,5.5151515,8001.0101
107,76,0,4.83871,7985.0087
106,77,0,4.137931,7961.8176
105,78,0,3.4074075,7933.3406
104,79,0,2.64,7898.5644
103,80,0,1.826087,7859.3885
102,81,0,0.95238096,7815.6741
101,82,0,0,7762.179
114,70,1,8.727273,7951
113,71,-1,8.119047,7967
112,72,1,7.5,7990.7228
111,73,-1,6.868421,7993.7535
110,74,1,6.2222223,8005.0777
109,75,-1,5.5588236,7992.7517
108,76,1,4.875,7988.6778
107,77,-1,4.1666665,7959.1992
106,78,1,3.4285715,7942.5649
105,79,-1,2.6538463,7900.1947
104,80,1,1.8333334,7874.3454
103,81,-1,0.95454544,7818.6727
102,82,1,0,7782.7264
101,83,-1,0.95,7712
115,70,0,8.8,7929
114,71,0,8.186047,7955
113,72,0,7.5609756,7973.9711
112,73,0,6.923077,7986.3615
111,74,0,6.2702703,7992.9083
110,75,0,5.6,7991.0101
109,76,0,4.909091,7981.3047
108,77,0,4.193548,7963.7226
107,78,0,3.4482758,7939.7779
106,79,0,2.6666667,7909.441
105,80,0,1.84,7874.5391
104,81,0,0.95652175,7835.5756
103,82,0,0,7786.933
102,83,0,0.95238096,7732
115,71,-1,8.25,7936
114,72,1,7.6190476,7964.3032
113,73,-1,6.975,7971.8357
112,74,1,6.3157897,7988.6026
111,75,-1,5.638889,7981.2713
110,76,1,4.9411764,7982.8324
109,77,-1,4.21875,7958.0473
108,78,1,3.4666667,7946.8094
107,79,-1,2.6785715,7909.5409
106,80,1,1.8461539,7888.2605
105,81,-1,0.9583333,7837.5161
104,82,1,0,7805.342
103,83,-1,0.95454544,7739.1175
102,84,1,1.8181819,7695.9488
116,71,0,8.311111,7923
115,72,0,7.6744184,7947
114,73,0,7.02439,7963.2123
113,74,0,6.3589745,7975.1168
112,75,0,5.675676,7977.9519
111,76,0,4.9714284,7973.7814
110,77,0,4.242424,7960.6692
109,78,0,3.483871,7941.1699
108,79,0,2.689655,7917.4323
107,80,0,1.8518518,7886.9905
106,81,0,0.96,7852.465
105,82,0,0,7808.401
104,83,0,0.95652175,7758.2083
103,84,0,1.826087,7704.7889
117,71,-1,8.369565,7903
116,72,1,7.7272725,7936
115,73,-1,7.071429,7948
114,74,1,6.4,7969.0532
113,75,-1,5.7105265,7966.7481
112,76,1,5,7973.8656
111,77,-1,4.2647057,7954.8512
110,78,1,3.5,7947.9027
109,79,-1,2.7,7914.7537
108,80,1,1.8571428,7899.034
107,81,-1,0.96153843,7853.0537
106,82,1,0,7824.8211
105,83,-1,0.9583333,7764.1904
104,84,1,1.8333334,7724.6544
117,72,0,7.7777777,7917
116,73,0,7.116279,7938
115,74,0,6.4390244,7954
114,75,0,5.74359,7961.8105
113,76,0,5.027027,7963.0029
112,77,0,4.285714,7956.0214
111,78,0,3.5151515,7941.4045
110,79,0,2.7096775,7921.9876
109,80,0,1.862069,7896.9192
108,81,0,0.962963,7866.2704
107,82,0,0,7826.2999
106,83,0,0.96,7780.9999
105,84,0,1.84,7731.1321
118,72,1,7.826087,7905
117,73,-1,7.159091,7922
116,74,1,6.4761906,7947.5031
115,75,-1,5.775,7949.7759
114,76,1,5.0526314,7962.1047
113,77,-1,4.3055553,7947.7017
112,78,1,3.5294118,7946.4941
111,79,-1,2.71875,7918.8345
110,80,1,1.8666667,7907.0174
109,81,-1,0.96428573,7866.0345
108,82,1,0,7841.1294
107,83,-1,0.96153843,7785.3239
106,84,1,1.8461539,7749.4526
118,73,0,7.2,7911
117,74,0,6.5116277,7931.4359
116,75,0,5.804878,7943.9588
115,76,0,5.076923,7950.5687
114,77,0,4.324324,7948.1144
113,78,0,3.5428572,7938.7279
112,79,0,2.7272727,7924.6819
111,80,0,1.8709677,7903.8002
110,81,0,0.9655172,7877.1445
109,82,0,0,7841.6782
108,83,0,0.962963,7800.6613
107,84,0,1.8518518,7753.7871
106,85,0,2.6666667,7702.9233
119,73,-1,7.2391305,7894
118,74,1,6.5454545,7924
117,75,-1,5.8333335,7930.2389
116,76,1,5.1,7948.526
115,77,-1,4.3421054,7938.9999
114,78,1,3.5555556,7942.4923
113,79,-1,2.735294,7920.1033
112,80,1,1.875,7912.0666
111,81,-1,0.96666664,7876.0167
110,82,1,0,7854.6482
109,83,-1,0.96428573,7803.6084
108,84,1,1.8571428,7771.0542
107,85,-1,2.6785715,7709.7283
120,73,0,7.2765956,7883
119,74,0,6.577778,7907
118,75,0,5.860465,7923.9378
117,76,0,5.121951,7936.2716
116,77,0,4.3589745,7938.1346
115,78,0,3.5675676,7933.7875
114,79,0,2.7428572,7924.1648
113,80,0,1.8787879,7907.973
112,81,0,0.9677419,7885.3445
111,82,0,0,7854.0994
110,83,0,0.9655172,7817.1718
109,84,0,1.862069,7773.951
108,85,0,2.689655,7727.1099
107,86,0,3.4482758,7675.853
121,73,-1,7.3125,7865
120,74,1,6.6086955,7899
119,75,-1,5.8863635,7909
118,76,1,5.142857,7932.0232
117,77,-1,4.375,7928.4885
116,78,1,3.5789473,7935.942
115,79,-1,2.75,7918.7744
114,80,1,1.882353,7914.5974
113,81,-1,0.96875,7883.5211
112,82,1,0,7865.4181
111,83,-1,0.96666664,7819.1955
110,84,1,1.8666667,7789.2947
109,85,-1,2.7,7732.2304
108,86,1,3.4666667,7694.9961
121,74,0,6.638298,7881
120,75,0,5.911111,7901
119,76,0,5.162791,7917.7449
118,77,0,4.390244,7924.916
117,78,0,3.5897436,7926.553
116,79,0,2.7567568,7921.3778
115,80,0,1.8857143,7909.398
114,81,0,0.969697,7890.7293
113,82,0,0,7864.0647
112,83,0,0.9677419,7830.7579
111,84,0,1.8709677,7791.3155
110,85,0,2.7096775,7748.0914
109,86,0,3.483871,7700.3841
122,74,1,6.6666665,7872
121,75,-1,5.9347825,7886
120,76,1,5.181818,7912.2301
119,77,-1,4.404762,7914.1487
118,78,1,3.6,7926.5297
117,79,-1,2.7631578,7914.8553
116,80,1,1.8888888,7914.37
115,81,-1,0.9705882,7888.29
114,82,1,0,7873.3374
113,83,-1,0.96875,7831.9009
112,84,1,1.875,7804.7445
111,85,-1,2.71875,7752.0001
110,86,1,3.5,7717.966
123,74,0,6.6938777,7853
122,75,0,5.9574466,7877
121,76,0,5.2,7897
120,77,0,4.418605,7909.0003
119,78,0,3.609756,7915.9714
118,79,0,2.7692308,7915.6548
117,80,0,1.8918918,7908.6402
116,81,0,0.9714286,7893.5725
115,82,0,0,7871.2822
114,83,0,0.969697,7841.6348
113,84,0,1.8787879,7805.7136
112,85,0,2.7272727,7766.0174
111,86,0,3.5151515,7722.119
110,87,0,4.242424,7673.764
123,75,-1,5.9791665,7861
122,76,1,5.2173915,7890
121,77,-1,4.431818,7897
120,78,1,3.6190476,7914.1512
119,79,-1,2.775,7908.5675
118,80,1,1.8947369,7911.5532
117,81,-1,0.9722222,7890.3011
116,82,1,0,7878.9695
115,83,-1,0.9705882,7841.2123
114,84,1,1.882353,7817.5611
113,85,-1,2.735294,7769.3446
112,86,1,3.5294118,7737.7245
111,87,-1,4.2647057,7679.1873
124,75,0,6,7850
123,76,0,5.2340426,7874
122,77,0,4.4444447,7891.2066
121,78,0,3.627907,7902.3011
120,79,0,2.7804878,7906.9379
119,80,0,1.8974359,7905.2794
118,81,0,0.972973,7893.8773
117,82,0,0,7875.7366
116,83,0,0.9714286,7849.5232
115,84,0,1.8857143,7817.6582
114,85,0,2.7428572,7781.4883
113,86,0,3.5428572,7741.0568
112,87,0,4.285714,7695.2599
124,76,1,5.25,7867
123,77,-1,4.4565215,7878
122,78,1,3.6363637,7899.1986
121,79,-1,2.7857144,7898.4915
120,80,1,1.9,7905.8956
119,81,-1,0.9736842,7889.7037
118,82,1,0,7881.8101
117,83,-1,0.9722222,7848.4969
116,84,1,1.8888888,7827.4407
115,85,-1,2.75,7783.7601
114,86,1,3.5555556,7754.9111
113,87,-1,4.3055553,7700.3292
125,76,0,5.265306,7849
124,77,0,4.4680853,7870
123,78,0,3.6444445,7885.8337
122,79,0,2.7906976,7895.1752
121,80,0,1.902439,7897.5607
120,81,0,0.974359,7891.2717
119,82,0,0,7877.8782
118,83,0,0.972973,7854.8713
117,84,0,1.8918918,7826.5619
116,85,0,2.7567568,7794.1536
115,86,0,3.5675676,7757.0174
114,87,0,4.324324,7714.8367
113,88,0,5.027027,7669.4108
126,76,1,5.28,7839
125,77,-1,4.4791665,7855
124,78,1,3.652174,7881.5609
123,79,-1,2.7954545,7885.91
122,80,1,1.9047619,7896.8505
121,81,-1,0.975,7886.2206
120,82,1,0,7882.1505
119,83,-1,0.9736842,7852.5857
118,84,1,1.8947369,7834.8053
117,85,-1,2.7631578,7794.5637
116,86,1,3.5789473,7769.3018
115,87,-1,4.3421054,7719.0125
114,88,1,5.0526314,7685.5684
127,76,0,5.2941175,7814
126,77,0,4.4897957,7845
125,78,0,3.6595745,7867
124,79,0,2.8,7880.865
123,80,0,1.9069767,7887.4828
122,81,0,0.9756098,7886.053
121,82,0,0,7877.397
120,83,0,0.974359,7857.4762
119,84,0,1.8974359,7832.8632
118,85,0,2.7692308,7803.6487
117,86,0,3.5897436,7770.3437
116,87,0,4.3589745,7731.7092
115,88,0,5.076923,7689.8015
127,77,-1,4.5,7823
126,78,1,3.6666667,7859
125,79,-1,2.8043478,7868
124,80,1,1.9090909,7885.5455
123,81,-1,0.97619045,7880.0238
122,82,1,0,7879.9326
121,83,-1,0.975,7854.2157
120,84,1,1.9,7839.0823
119,85,-1,2.775,7803.5522
118,86,1,3.6,7780.5743
117,87,-1,4.375,7734.6931
116,88,1,5.1,7704.1238
128,77,0,4.509804,7805
127,78,0,3.6734693,7836
126,79,0,2.8085105,7860
125,80,0,1.9111111,7874.7325
124,81,0,0.9767442,7878.3946
123,82,0,0,7874.3313
122,83,0,0.9756098,7857.3218
121,84,0,1.902439,7836.2168
120,85,0,2.7804878,7810.2694
119,86,0,3.609756,7780.7226
118,87,0,4.390244,7745.687
117,88,0,5.121951,7707.1698
116,89,0,5.804878,7662.8519
128,78,1,3.68,7820
127,79,-1,2.8125,7840
126,80,1,1.9130435,7869.1723
125,81,-1,0.97727275,7871.7219
124,82,1,0,7875.362
123,83,-1,0.97619045,7853.3249
122,84,1,1.9047619,7840.5973
121,85,-1,2.7857144,7808.8904
120,86,1,3.6190476,7789.0417
119,87,-1,4.404762,7746.9621
118,88,1,5.142857,7719.8028
117,89,-1,5.8333335,7667.8538
129,78,0,3.6862745,7797
128,79,0,2.8163266,7824
127,80,0,1.9148936,7848.6112
126,81,0,0.9777778,7866.7979
125,82,0,0,7869.8664
124,83,0,0.9767442,7854.5053
123,84,0,1.9069767,7836.6734
122,85,0,2.7906976,7813.9653
121,86,0,3.627907,7787.9987
120,87,0,4.418605,7756.2689
119,88,0,5.162791,7721.7503
118,89,0,5.860465,7681.1001
130,78,1,3.6923077,7780
129,79,-1,2.82,7803
128,80,1,1.9166666,7834.1914
127,81,-1,0.9782609,7847.1835
126,82,1,0,7867.453
125,83,-1,0.97727275,7849.8534
124,84,1,1.9090909,7839.3568
123,85,-1,2.7954545,7811.5604
122,86,1,3.6363637,7794.2678
121,87,-1,4.431818,7756.8985
120,88,1,5.181818,7732.0177
119,89,-1,5.8863635,7684.8289
118,90,1,6.5454545,7652.5716
130,79,0,2.8235295,7786
129,80,0,1.9183674,7813
128,81,0,0.9787234,7833.3979
127,82,0,0,7848.6488
126,83,0,0.9777778,7847.9869
125,84,0,1.9111111,7835.1882
124,85,0,2.8,7814.7835
123,86,0,3.6444445,7792.1755
122,87,0,4.4444447,7763.7485
121,88,0,5.2,7733.0177
120,89,0,5.911111,7695.8455
119,90,0,6.577778,7656
131,79,-1,2.8269231,7764
130,80,1,1.92,7799
129,81,-1,0.9791667,7813.589
128,82,1,0,7835.9656
127,83,-1,0.9782609,7832.5424
126,84,1,1.9130435,7834.3462
125,85,-1,2.8043478,7811.6638
124,86,1,3.652174,7796.6653
123,87,-1,4.4565215,7763.1243
122,88,1,5.2173915,7741.3687
121,89,-1,5.9347825,7698.0182
120,90,1,6.6086955,7669.0764
131,80,0,1.9215686,7777
130,81,0,0.97959185,7799.7915
129,82,0,0,7817.0079
128,83,0,0.9787234,7819.7745
127,84,0,1.9148936,7818.7842
126,85,0,2.8085105,7811.3545
125,86,0,3.6595745,7793.9412
124,87,0,4.4680853,7768.3613
123,88,0,5.2340426,7741.0887
122,89,0,5.9574466,7707.468
121,90,0,6.638298,7671.8506
120,91,0,7.2765956,7629.3948
132,80,1,1.9230769,7762
131,81,-1,0.98,7780
130,82,1,0,7804.3203
129,83,-1,0.9791667,7803.314
128,84,1,1.9166666,7810.2438
127,85,-1,2.8125,7798.34
126,86,1,3.6666667,7794.7963
125,87,-1,4.4791665,7766.8455
124,88,1,5.25,7747.5078
123,89,-1,5.9791665,7708.4479
122,90,1,6.6666665,7682.0628
121,91,-1,7.3125,7633.6289
133,80,0,1.9245284,7739
132,81,0,0.98039216,7765.4311
131,82,0,0,7785.1732
130,83,0,0.97959185,7791.0217
129,84,0,1.9183674,7794.024
128,85,0,2.8163266,7790.0036
127,86,0,3.6734693,7782.1824
126,87,0,4.4897957,7768.4543
125,88,0,5.265306,7746.4726
124,89,0,6,7715.5908
123,90,0,6.6938777,7683.847
122,91,0,7.3469386,7644.8027
134,80,1,1.925926,7724
133,81,-1,0.9807692,7745
132,82,1,0,7772.3955
131,83,-1,0.98,7773.4955
130,84,1,1.92,7785.1163
129,85,-1,2.82,7776.3632
128,86,1,3.68,7777.1023
127,87,-1,4.5,7757.7393
126,88,1,5.28,7749.1719
125,89,-1,6.02,7715.8874
124,90,1,6.72,7692.3173
123,91,-1,7.38,7647.7037
135,80,0,1.9272727,7701
134,81,0,0.9811321,7730
133,82,0,0,7752.7381
132,83,0,0.98039216,7761.7177
131,84,0,1.9215686,7768.1768
130,85,0,2.8235295,7767.8627
129,86,0,3.6862745,7763.8164
128,87,0,4.509804,7753.2607
127,88,0,5.2941175,7739.3249
126,89,0,6.0392156,7719.4137
125,90,0,6.745098,7693.0266
124,91,0,7.4117646,7657.3733
123,92,0,8.039216,7620.7821
136,80,1,1.9285715,7685
135,81,-1,0.9814815,7709
134,82,1,0,7740
133,83,-1,0.9807692,7743.4996
132,84,1,1.9230769,7758.8205
131,85,-1,2.8269231,7753.0024
130,86,1,3.6923077,7758.6553
129,87,-1,4.519231,7742.4513
128,88,1,5.3076925,7737.3458
127,89,-1,6.0576925,7711.2319
126,90,1,6.769231,7697.6617
125,91,-1,7.4423075,7659.2006
124,92,1,8.076923,7631.3072
136,81,0,0.9818182,7693
135,82,0,0,7719
134,83,0,0.9811321,7731.8491
133,84,0,1.9245284,7741.3614
132,85,0,2.8301888,7744.6172
131,86,0,3.6981132,7744.4037
130,87,0,4.5283017,7737.775
129,88,0,5.3207545,7726.9122
128,89,0,6.075472,7710.3448
127,90,0,6.792453,7690.5945
126,91,0,7.4716983,7664.6438
125,92,0,8.113208,7634
137,81,-1,0.98214287,7672
136,82,1,0,7705
135,83,-1,0.9814815,7712.828
134,84,1,1.925926,7731.53
133,85,-1,2.8333333,7729.1175
132,86,1,3.7037036,7738.7527
131,87,-1,4.537037,7726.7143
130,88,1,5.3333335,7725.0241
129,89,-1,6.0925927,7702.145
128,90,1,6.814815,7691.6026
127,91,-1,7.5,7659.1935
126,92,1,8.148149,7640.7191
137,82,0,0,7684
136,83,0,0.9818182,7700
135,84,0,1.9272727,7713.334
134,85,0,2.8363636,7720.197
133,86,0,3.709091,7723.7784
132,87,0,4.5454545,7721.1759
131,88,0,5.3454547,7714.056
130,89,0,6.109091,7700.5489
129,90,0,6.836364,7683.7655
128,91,0,7.5272727,7661.3783
127,92,0,8.181818,7636.2867
126,93,0,8.8,7604.6732
138,82,1,0,7670
137,83,-1,0.98214287,7681
136,84,1,1.9285715,7703.2244
135,85,-1,2.8392856,7703.7033
134,86,1,3.7142856,7717.2552
133,87,-1,4.553571,7709.743
132,88,1,5.357143,7711.6879
131,89,-1,6.125,7692.3515
130,90,1,6.857143,7684.4964
129,91,-1,7.553571,7655.5364
128,92,1,8.214286,7640
127,93,-1,8.839286,7602.0758
138,83,0,0.98245615,7668
137,84,0,1.9298246,7684.4814
136,85,0,2.8421052,7694.4754
135,86,0,3.7192984,7701.3941
134,87,0,4.5614033,7703.2572
133,88,0,5.368421,7701.1352
132,89,0,6.140351,7690.5039
131,90,0,6.877193,7676.064
130,91,0,7.5789475,7656.9809
129,92,0,8.245614,7634.6849
128,93,0,8.877193,7607
127,94,0,9.473684,7576
139,83,-1,0.98275864,7648
138,84,1,1.9310344,7674.0054
137,85,-1,2.8448277,7677.3878
136,86,1,3.724138,7694.4991
135,87,-1,4.5689654,7690.9474
134,88,1,5.37931,7696.6931
133,89,-1,6.1551723,7682.8015
132,90,1,6.8965516,7676.6592
131,91,-1,7.6034484,7651.2373
130,92,1,8.275862,7637.7651
129,93,-1,8.913794,7602.7013
128,94,1,9.5172415,7582
140,83,0,0.9830508,7636
139,84,0,1.9322034,7655
138,85,0,2.8474576,7668.0557
137,86,0,3.7288136,7678.172
136,87,0,4.576271,7683.6655
135,88,0,5.3898306,7685.3101
134,89,0,6.1694913,7679.1479
133,90,0,6.915254,7668.6426
132,91,0,7.6271186,7651.8957
131,92,0,8.305085,7631.7611
130,93,0,8.949153,7607.5654
129,94,0,9.559322,7580
128,95,0,10.135593,7547
141,83,-1,0.98333335,7616
140,84,1,1.9333333,7644
139,85,-1,2.85,7650.7354
138,86,1,3.7333333,7670.7514
137,87,-1,4.5833335,7670.368
136,88,1,5.4,7679.9236
135,89,-1,6.1833334,7670.1438
134,90,1,6.9333334,7667.7162
133,91,-1,7.65,7646.9612
132,92,1,8.333333,7635.0742
131,93,-1,8.983334,7603.5032
130,94,1,9.6,7586
129,95,-1,10.183333,7546
141,84,0,1.9344262,7626
140,85,0,2.852459,7641
139,86,0,3.737705,7654.3581
138,87,0,4.5901637,7662.9412
137,88,0,5.4098363,7667.5866
136,89,0,6.196721,7665.6906
135,90,0,6.9508195,7659.2229
134,91,0,7.672131,7646.6504
133,92,0,8.360656,7629.7717
132,93,0,9.016394,7607.4231
131,94,0,9.639344,7583
130,95,0,10.229508,7553
142,84,1,1.9354838,7614
141,85,-1,2.8548386,7624
140,86,1,3.7419355,7646.4108
139,87,-1,4.596774,7648.3768
138,88,1,5.419355,7661.9636
137,89,-1,6.209677,7655.6628
136,90,1,6.967742,7657.1195
135,91,-1,7.693548,7641.1093
134,92,1,8.387096,7631.9166
133,93,-1,9.048388,7604.1714
132,94,1,9.67742,7588
131,95,-1,10.274194,7552
143,84,0,1.9365079,7596
142,85,0,2.857143,7613
141,86,0,3.7460318,7630.0508
140,87,0,4.6031747,7640.7162
139,88,0,5.428571,7648.3048
138,89,0,6.2222223,7650.7084
137,90,0,6.984127,7647.4591
136,91,0,7.714286,7639.4945
135,92,0,8.412699,7626.2918
134,93,0,9.079365,7607.2771
133,94,0,9.714286,7585
132,95,0,10.31746,7558
143,85,-1,2.859375,7596
142,86,1,3.75,7621.6457
141,87,-1,4.609375,7626.3689
140,88,1,5.4375,7642.4289
139,89,-1,6.234375,7639.1973
138,90,1,7,7645.0807
137,91,-1,7.734375,7632.2076
136,92,1,8.4375,7627.4763
135,93,-1,9.109375,7604
134,94,1,9.75,7590.4039
133,95,-1,10.359375,7557
144,85,0,2.8615384,7585
143,86,0,3.7538462,7605.6227
142,87,0,4.6153846,7618.338
141,88,0,5.4461536,7628.4862
140,89,0,6.246154,7633.2446
139,90,0,7.0153847,7634.651
138,91,0,7.753846,7629.8752
137,92,0,8.461538,7620.7218
136,93,0,9.138461,7605.9921
135,94,0,9.7846155,7586.8834
134,95,0,10.4,7562.5697
144,86,1,3.7575758,7595
143,87,-1,4.621212,7603.7052
142,88,1,5.4545455,7621.9144
141,89,-1,6.257576,7621.4604
140,90,1,7.030303,7630.9974
139,91,-1,7.7727275,7621.8958
138,92,1,8.484848,7620.9227
137,93,-1,9.166667,7601.7751
136,94,1,9.818182,7591.0016
135,95,-1,10.439394,7562
145,86,0,3.761194,7579
144,87,0,4.626866,7594.5009
143,88,0,5.4626865,7607.8418
142,89,0,6.2686567,7615.0768
141,90,0,7.044776,7620.1188
140,91,0,7.7910447,7618.4267
139,92,0,8.5074625,7613.3879
138,93,0,9.19403,7602.1321
137,94,0,9.850746,7587.1224
136,95,0,10.477612,7566
135,96,0,11.074627,7542
145,87,-1,4.632353,7579.3481
144,88,1,5.470588,7600.0099
143,89,-1,6.279412,7602.4245
142,90,1,7.0588236,7615.0338
141,91,-1,7.8088236,7609.5072
140,92,1,8.529411,7611.8984
139,93,-1,9.220589,7597
138,94,1,9.882353,7588.9839
137,95,-1,10.514706,7564
136,96,1,11.117647,7548
146,87,0,4.637681,7569.2398
145,88,0,5.478261,7585.5644
144,89,0,6.289855,7595.1939
143,90,0,7.072464,7602.8937
142,91,0,7.826087,7604.8675
141,92,0,8.550725,7603.9574
140,93,0,9.246377,7596.1816
139,94,0,9.913043,7583.7968
138,95,0,10.550725,7567
137,96,0,11.15942,7546.002
136,97,0,11.73913,7519
146,88,1,5.4857144,7576.5439
145,89,-1,6.3,7582.1297
144,90,1,7.0857143,7596.8557
143,91,-1,7.8428574,7594.6837
142,92,1,8.571428,7600.716
141,93,-1,9.271428,7589.6382
140,94,1,9.942857,7584.6061
139,95,-1,10.585714,7564
138,96,1,11.2,7550.6868
137,97,-1,11.785714,7519
147,88,0,5.4929576,7561
146,89,0,6.3098593,7573.5051
145,90,0,7.0985913,7584.3862
144,91,0,7.8591547,7588.4139
143,92,0,8.591549,7590.9151
142,93,0,9.295774,7587.0571
141,94,0,9.971831,7578.8799
140,95,0,10.619719,7565.1582
139,96,0,11.239436,7547
138,97,0,11.830986,7524
147,89,-1,6.3194447,7559.2423
146,90,1,7.111111,7576.9688
145,91,-1,7.875,7577.5573
144,92,1,8.611111,7586.4854
143,93,-1,9.319445,7579.2148
142,94,1,10,7577.9192
141,95,-1,10.652778,7561
140,96,1,11.277778,7550.309
139,97,-1,11.875,7523
148,89,0,6.3287673,7550
147,90,0,7.1232877,7563.4433
146,91,0,7.890411,7570.3847
145,92,0,8.630137,7576.1026
144,93,0,9.342465,7574.9895
143,94,0,10.027397,7570.7599
142,95,0,10.684932,7561
141,96,0,11.315068,7546.6241
140,97,0,11.917809,7527
139,98,0,12.493151,7503.3507
148,90,1,7.135135,7555
147,91,-1,7.9054055,7558.3449
146,92,1,8.648648,7570.1262
145,93,-1,9.364865,7566.222
144,94,1,10.054054,7568.3611
143,95,-1,10.716216,7555.5853
142,96,1,11.351352,7547.9966
141,97,-1,11.959459,7525
140,98,1,12.540541,7509
149,90,0,7.1466665,7540
148,91,0,7.92,7550
147,92,0,8.666667,7558.5624
146,93,0,9.386666,7560.568
145,94,0,10.08,7560.3187
144,95,0,10.746667,7553.6891
143,96,0,11.386666,7543.0659
142,97,0,12,7527
141,98,0,12.586667,7507
140,99,0,13.146667,7481
149,91,-1,7.9342103,7537
148,92,1,8.684211,7551.7705
147,93,-1,9.407895,7550.1743
146,94,1,10.105263,7556.0433
145,95,-1,10.776316,7547.0136
144,96,1,11.421053,7542.8617
143,97,-1,12.039474,7523
142,98,1,12.631579,7510.24
141,99,-1,13.197369,7481
150,91,0,7.948052,7528
149,92,0,8.701299,7539
148,93,0,9.428572,7544.0426
147,94,0,10.12987,7546.4395
146,95,0,10.805195,7543.2795
145,96,0,11.454545,7536.8488
144,97,0,12.077922,7524
143,98,0,12.675324,7507
142,99,0,13.246754,7485
141,100,0,13.792208,7459
150,92,1,8.717949,7532
149,93,-1,9.448718,7533.4042
148,94,1,10.153846,7541.3284
147,95,-1,10.833333,7534.9917
146,96,1,11.48718,7534.504
145,97,-1,12.115385,7519
144,98,1,12.717949,7509.0991
143,99,-1,13.294871,7483
142,100,1,13.846154,7465
151,92,0,8.734178,7518
150,93,0,9.468354,7526
149,94,0,10.177216,7531.0087
148,95,0,10.86076,7530.1742
147,96,0,11.518988,7526.9261
146,97,0,12.151898,7517.5021
145,98,0,12.759494,7505
144,99,0,13.341772,7486
143,100,0,13.898734,7464
151,93,-1,9.4875,7514
150,94,1,10.2,7524.8154
149,95,-1,10.8875,7521.3095
148,96,1,11.55,7523.9527
147,97,-1,12.1875,7511.4759
146,98,1,12.8,7505.1373
145,99,-1,13.3875,7483
144,100,1,13.95,7468
143,101,-1,14.4875,7438
152,93,0,9.506173,7506
151,94,0,10.222222,7513.2822
150,95,0,10.91358,7515.3043
149,96,0,11.580247,7515.7677
148,97,0,12.222222,7509.2714
147,98,0,12.839506,7499.6644
146,99,0,13.432098,7485
145,100,0,14,7465
144,101,0,14.54321,7441
152,94,1,10.243902,7506.5401
151,95,-1,10.939024,7505
150,96,1,11.609756,7511.4716
149,97,-1,12.256098,7502.8035
148,98,1,12.878049,7499.122
147,99,-1,13.47561,7480.7849
146,100,1,14.04878,7467.9608
145,101,-1,14.597561,7441
153,94,0,10.26506,7493
152,95,0,10.963856,7499
151,96,0,11.638555,7501.9318
150,97,0,12.289157,7498.9408
149,98,0,12.915663,7493.2638
148,99,0,13.518072,7480.1005
147,100,0,14.096386,7464
146,101,0,14.650602,7444
153,95,-1,10.988095,7487
152,96,1,11.666667,7496.7291
151,97,-1,12.321428,7490.5975
150,98,1,12.952381,7491.044
149,99,-1,13.559524,7476
148,100,1,14.142858,7465.9451
147,101,-1,14.702381,7442
146,102,1,15.238095,7424
154,95,0,11.011765,7479
153,96,0,11.694118,7485.551
152,97,0,12.3529415,7486.041
151,98,0,12.988235,7483.3954
150,99,0,13.6,7474
149,100,0,14.188235,7461.8649
148,101,0,14.752941,7444.0169
147,102,0,15.294118,7422
154,96,1,11.72093,7478.9385
153,97,-1,12.383721,7475.9594
152,98,1,13.023255,7479.9567
151,99,-1,13.639535,7469
150,100,1,14.232558,7462.0905
149,101,-1,14.802325,7441.6533
148,102,1,15.348837,7426
155,96,0,11.747127,7466.7233
154,97,0,12.413794,7469.2637
153,98,0,13.057471,7470.5014
152,99,0,13.678161,7465.8842
151,100,0,14.275862,7457.0013
150,101,0,14.8505745,7441.9005
149,102,0,15.402299,7423
148,103,0,15.931034,7400
156,96,1,11.772727,7460
155,97,-1,12.443182,7459
154,98,1,13.090909,7465.3474
153,99,-1,13.715909,7457.2428
152,100,1,14.318182,7456.0351
151,101,-1,14.897727,7438.4444
150,102,1,15.454545,7425.7992
149,103,-1,15.988636,7400
156,97,0,12.47191,7451
155,98,0,13.123595,7454.8297
154,99,0,13.752809,7452.8879
153,100,0,14.35955,7448.4712
152,101,0,14.94382,7438
151,102,0,15.505618,7422.4719
150,103,0,16.044945,7402.918
149,104,0,16.561798,7380
157,97,-1,12.5,7440
156,98,1,13.155556,7449.2259
155,99,-1,13.788889,7443.5759
154,100,1,14.4,7444.7936
153,101,-1,14.988889,7432
152,102,1,15.555555,7423.5909
151,103,-1,16.1,7401.1306
150,104,1,16.622223,7384
157,98,0,13.186813,7438
156,99,0,13.824176,7437.8216
155,100,0,14.439561,7435.886
154,101,0,15.032967,7428.7333
153,102,0,15.604396,7417.9403
152,103,0,16.153847,7402.5767
151,104,0,16.681318,7382
150,105,0,16.044945,7359
158,98,1,13.217391,7432
157,99,-1,13.858696,7428
156,100,1,14.478261,7431.7888
155,101,-1,15.076087,7421
154,102,1,15.652174,7416.5429
153,103,-1,16.206522,7398.1605
152,104,1,16.73913,7385.4349
151,105,-1,16.1,7359
158,99,0,13.892473,7422
157,100,0,14.5161295,7422.1942
156,101,0,15.118279,7417.5845
155,102,0,15.698925,7409.6587
154,103,0,16.258064,7397
153,104,0,16.795698,7381.7053
152,105,0,16.153847,7361.9767
159,99,-1,13.925532,7412
158,100,1,14.553191,7418
157,101,-1,15.1595745,7409.6615
156,102,1,15.74468,7407
155,103,-1,16.30851,7392
154,104,1,16.851065,7382.5257
153,105,-1,16.206522,7359.4803
152,106,1,15.555555,7342
159,100,0,14.589474,7407
158,101,0,15.2,7405
157,102,0,15.789474,7399.9714
156,103,0,16.357895,7390
155,104,0,16.905264,7377
154,105,0,16.258064,7360.3626
153,106,0,15.604396,7340
160,100,1,14.625,7402
159,101,-1,15.239583,7396
158,102,1,15.833333,7397
157,103,-1,16.40625,7383
156,104,1,16.958334,7377
155,105,-1,16.30851,7357
154,106,1,15.652174,7342.5632
153,107,-1,14.988889,7314
160,101,0,15.278351,7391
159,102,0,15.876288,7388
158,103,0,16.453608,7381
157,104,0,17.01031,7371.3858
156,105,0,16.357895,7357
155,106,0,15.698925,7339.771
154,107,0,15.032967,7317.3313
161,101,-1,15.316326,7382
160,102,1,15.918367,7385
159,103,-1,16.5,7374
158,104,1,17.061224,7370
157,105,-1,16.40625,7352
156,106,1,15.74468,7341.1736
155,107,-1,15.076087,7315.7331
161,102,0,15.959596,7376
160,103,0,16.545454,7371
159,104,0,17.11111,7364
158,105,0,16.453608,7352
157,106,0,15.789474,7337
156,107,0,15.118279,7318
155,108,0,14.439561,7295
162,102,1,16,7371
161,103,-1,16.59,7363
160,104,1,17.16,7361
159,105,-1,16.5,7346
158,106,1,15.833333,7338
157,107,-1,15.1595745,7315
156,108,1,14.478261,7298.3762
162,103,0,16.633663,7359
161,104,0,17.20792,7354
160,105,0,16.545454,7345
159,106,0,15.876288,7333
158,107,0,15.2,7316
157,108,0,14.5161295,7296.2474
156,109,0,13.824176,7272
163,103,-1,16.67647,7349
162,104,1,17.254902,7351
161,105,-1,16.59,7339
160,106,1,15.918367,7332
159,107,-1,15.239583,7313
158,108,1,14.553191,7298.2611
157,109,-1,13.858696,7270.7598
163,104,0,17.30097,7342
162,105,0,16.633663,7337
161,106,0,15.959596,7327
160,107,0,15.278351,7313
159,108,0,14.589474,7295
158,109,0,13.892473,7273
157,110,0,13.186813,7248
164,104,1,17.346153,7337
163,105,-1,16.67647,7328
162,106,1,16,7326
161,107,-1,15.316326,7309
160,108,1,14.625,7297
159,109,-1,13.925532,7271
158,110,1,13.217391,7252
164,105,0,16.718447,7323
163,106,0,16.039604,7318
162,107,0,15.353536,7309
161,108,0,14.659794,7294
160,109,0,13.957894,7274
159,110,0,13.247312,7250.1551
165,105,-1,16.759615,7314
164,106,1,16.078432,7314
163,107,-1,15.39,7301
162,108,1,14.693877,7295
161,109,-1,13.989583,7271
160,110,1,13.276596,7253.7634
165,106,0,16.116505,7305
164,107,0,15.425742,7298
163,108,0,14.727273,7288
162,109,0,14.020618,7273
161,110,0,13.3052635,7252
166,106,1,16.153847,7301
165,107,-1,15.460784,7290
164,108,1,14.76,7286
163,109,-1,14.051021,7267
162,110,1,13.333333,7255
161,111,-1,12.606383,7227
167,106,0,16.190475,7292
166,107,0,15.495146,7286
165,108,0,14.792079,7279
164,109,0,14.080808,7265
163,110,0,13.360825,7250
162,111,0,12.631579,7230
167,107,-1,15.528846,7278
166,108,1,14.823529,7276
165,109,-1,14.11,7259
164,110,1,13.387755,7249
163,111,-1,12.65625,7227
168,107,0,15.561905,7273
167,108,0,14.854369,7268
166,109,0,14.138614,7257
165,110,0,13.414142,7243
164,111,0,12.680412,7227
169,107,-1,15.594339,7265
168,108,1,14.884615,7265
167,109,-1,14.166667,7250
166,110,1,13.44,7243
165,111,-1,12.704082,7223
164,112,1,11.958333,7209
170,107,0,15.626168,7260
169,108,0,14.914286,7256
168,109,0,14.194175,7247
167,110,0,13.465346,7237
166,111,0,12.727273,7222
165,112,0,11.979382,7205
171,107,-1,15.657408,7251
170,108,1,14.943397,7252
169,109,-1,14.221154,7240
168,110,1,13.490196,7236
167,111,-1,12.75,7218
166,112,1,12,7206
165,113,-1,11.239583,7181
171,108,0,14.971963,7243
170,109,0,14.247619,7237
169,110,0,13.514564,7229
168,111,0,12.772277,7216
167,112,0,12.020202,7202
166,113,0,11.257732,7183
172,108,1,15,7239
171,109,-1,14.273585,7229
170,110,1,13.538462,7227
169,111,-1,12.794118,7212
168,112,1,12.04,7202
167,113,-1,11.27551,7180
172,109,0,14.299066,7225
171,110,0,13.561905,7220
170,111,0,12.815534,7209
169,112,0,12.059406,7197
168,113,0,11.29293,7181
173,109,-1,14.324074,7218
172,110,1,13.584906,7217
171,111,-1,12.836538,7204
170,112,1,12.078431,7197
169,113,-1,11.31,7177
173,110,0,13.607476,7210
172,111,0,12.857142,7201
171,112,0,12.097087,7192
170,113,0,11.326733,7177
174,110,1,13.62963,7207
173,111,-1,12.877358,7195
172,112,1,12.115385,7191
171,113,-1,11.343137,7173
170,114,1,10.56,7163
174,111,0,12.897196,7192
173,112,0,12.133333,7185
172,113,0,11.359223,7172
171,114,0,10.574258,7159
175,111,-1,12.916667,7185
174,112,1,12.150944,7183
173,113,-1,11.375,7168
172,114,1,10.588235,7159
175,112,0,12.168224,7176
174,113,0,11.390476,7166
173,114,0,10.601942,7155
172,115,0,9.80198,7139
176,112,1,12.185185,7174
175,113,-1,11.405661,7160
174,114,1,10.615385,7154
173,115,-1,9.813725,7135
176,113,0,11.420561,7158
175,114,0,10.6285715,7149
174,115,0,9.825243,7135
173,116,0,9.009901,7119
177,113,-1,11.435185,7152
176,114,1,10.641509,7147
175,115,-1,9.836538,7131
174,116,1,9.019608,7120
177,114,0,10.654205,7141
176,115,0,9.847619,7129
175,116,0,9.029126,7116
174,117,0,8.19802,7098
177,115,-1,9.858491,7124
176,116,1,9.038462,7116
175,117,-1,8.205882,7095
177,116,0,9.047619,7111
176,117,0,8.213593,7095
175,118,0,7.366337,7078
177,117,-1,8.221154,7092
176,118,1,7.372549,7079
177,118,0,7.3786407,7076
